normalized,total_count,num_variants,variants_with_counts,qcet_id
Correctness of Outputs (outputs as a whole),480,66,"correctness (173); accuracy (111); Correctness (83); Accuracy (40); soundness (5); error severity (3); Soundness (3); correct (2); incorrectness (2); information quality (2); Correctness (acceptability) (1); Inaccuracy (1); Mistake identification (1); Errors in output (1); Item Errors (1); Overall correctness (1); Response Correctness (1); Response correctness (1); binary error judgment (1); correctness of results (1); error spans (critical, major, minor, no-error) (1); likelihood of mistakes (1); no mistake (1); probability of correctness (1); Reasoning Error (1); Error severity (1); Correct (1); Other Error (1); Entity Error (1); Incorrect (1); incorrect (1); partial correctness (1); Distractor Common Mistakes (1); Errors (1); Linguistic Correctness (1); Over-correction (1); Other Errors (1); Violation status (1); correction (1); noise (1); Accuracy in evaluating response (1); Code Exist (1); Correctness of the response (1); Nested function calls (1); Plausible Error (1); Question validity (1); Secondary error (1); Sequence correctness (1); Spelling and Grammar (1); Technical correctness (1); computational mistakes (1); failure to generate correct response (1); mistake in first half (1); mistake in last step (1); mistake in second half (1); most information with minor omissions or inaccuracies (1); negation (1); precise response (1); problem-free response (1); spelling and punctuation (1); Presentation (1); response accuracy (1); Accuracy assessment (1); Completeness of variable assignment (1); Proficiency (1); violations (1)",QOC-w-1
Factual Truth,465,189,Factuality (36); factuality (32); factual consistency (25); factual correctness (22); truthfulness (20); Hallucination (16); Truthfulness (15); factual accuracy (12); Factual consistency (9); Honesty (8); Groundedness (8); honesty (8); groundedness (7); Plausibility (7); hallucination (7); Factual correctness (6); Factual accuracy (6); plausibility (6); Factual Accuracy (5); Factual Consistency (5); Factual Correctness (4); Knowledge (4); Believability (4); credibility (4); Hallucinations (3); factualness (3); hallucination rate (3); citation correctness (3); validity (3); Validity (3); hallucinations (2); hallucination presence (2); non-hallucination (2); Content accuracy (2); Content correctness (2); Information Accuracy (2); Technical Accuracy (2); factual alignment (2); factual support (2); citation quality (2); entity correctness (2); mathematical correctness (2); misinformation (1); Knowledge Accuracy (1); Knowledge Correctness (1); factual errors (1); Compliance with facts (1); Evidence Inference factuality (1); Fact Authenticity (1); Fact Correctness (1); Factual Alignment (1); Falsification (1); Hallucinatory Knowledge (1); Knowledge-Hallucination (1); Knowledge-Accuracy (1); Intervention factuality (1); Outcome factuality (1); Physical reality alignment (1); Real Knowledge (1); accurate information (1); avoidance of false/fabricated information (1); false prediction (1); hallucination avoidance (1); scientific accuracy (1); technical accuracy (1); Absence of Hallucinations (1); Accuracy of soccer events (1); Accuracy of factual content (1); Accurate reflection of fact (1); Checklist Correctness (1); Confabulation presence (1); Correctness of Claims (1); Correctness of Information (1); Data Accuracy (1); Exclusion of unsupported claims (1); Fact (1); Factual Validity (1); Knowledge accuracy (1); Overall factual correctness (1); STEM problem correctness (1); Truth (1); alignment with visual observations (1); answer factual accuracy (1); calculation accuracy (1); calculation correctness (1); confirmation of claims (1); correct object support (1); correctness of atomic facts (1); correctness of proposition (1); description accuracy (1); factual inaccuracies (1); factually correct (1); historical consistency (1); incorrect entities (1); incorrect location or position of finding (1); incorrect numbers (1); incorrect_information (1); information accuracy (1); nonfactual (1); truth (1); veracity (1); PLAUSIBILITY (1); knowledge (1); Trustworthiness (1); common sense (1); commonsense (1); Commonsense (1); commonsense alignment (1); Misleading (1); misleading (1); Plausible (1); Accuracy-Evidence (1); Citation Accuracy (1); Credibility of Evidence (1); Cultural Knowledge (1); Diagnostic Ability (1); Diagnostic and Treatment Abilities (1); Hallucination awareness (1); Honest (1); Journalistic Ethics (1); Knowledge Usage (1); Number Error (1); Numerical Accuracy (1); Population factuality (1); Recognition of alternative correct solutions (1); Technical Accuracy of Feature Linkages (1); Veracity Assignment (1); Urban Elements/Scenes Understanding (1); accuracy of treatment plan (1); attribution correctness (1); contradicted (1); factual inconsistency (1); groundness (1); hallucination robustness (1); incorrect location or position (1); incorrect severity (1); inclusion of negative clinical details (1); inclusion of positive clinical details (1); misleadingness (1); Mathematical Correctness (1); mathematical rigor (1); reference to reliable sources (1); Calculation correctness (1); Clinical accuracy (1); Correct identification and correction of known knowledge errors (KKE) (1); Correctness of drug recommendation (1); Correctness of legal article references (1); definition accuracy (1); Date Errors (1); Deception level (1); Factual alignment (1); Factual contradiction (1); Hallucination Rate (1); Layout description accuracy (1); Medical factuality (1); No Fact (1); Partial fact entailment (1); Partial Lie (1); Positioning inaccurate context (1); STEM knowledge (1); Semantic plausibility (1); Unverifiable Hallucination (1); Unit correctness (1); Verification (1); Vulnerability type correctness (1); accurate parameters (1); accurate role-related knowledge (1); accuracy of uncertainty expression (1); booking correctness (1); commonsense logic (1); commonsense validation (1); commonsense consistency (1); correct risk identification (1); detection of object absence (1); factual knowledge (1); false prediction of finding (1); faithful/hallu/irrelevant (1); hallucination level (1); hallucination severity (1); hallucinated span identification (1); humanities/social science knowledge (1); incorrect severity of finding (1); knowledge consolidation correctness (1); knowledge discovery quality (1); knowledge presence (1); numerical value accuracy (1); object correctness (1); use of verifiable evidence (1); data accuracy (1),QEC-c-1
Relevance to Input,438,110,relevance (187); Relevance (100); adequacy (7); topic relevance (6); Relevancy (5); Context Relevance (4); semantic relevance (4); Relationship (4); Relevant (3); context relevance (3); Adequacy (2); Maintains Context (2); contextual relevance (2); Answer Relevance (2); Relatedness (2); Content relevance (2); relevance to query (2); Relevance and Focus (2); content relevance (2); thematic relevance (2); Contextual Understanding (2); Irrelevance (2); Topic Relevance (2); contextual understanding (2); Topicality (2); relevancy (1); relevant (1); Answer Relevancy (1); Content Relevance (1); Description Relevance (1); Language Relevance (1); POI Relevance (1); REL (1); Relatedness (instruction following) (1); Relevance to context (1); Semantic relevance (1); contextual-relevance (1); Alignment with task instruction (1); Context Relevancy (1); Contextual relevance of each response across turns (1); Direct addressal of prompt (1); Fit to prompt (best vs worst) (1); Follows User Query (1); Instruction relevance (1); Not Relevant (1); On-topic relevance (1); Relevance to query (1); Relevance of retrieved knowledge (1); Relevant recommendations (1); Video-Text Relevance (1); answer relevance (1); answer relevancy (1); overall relevance (1); relevance to content (1); relevance to document (1); relevance to main focus (1); relevance to instruction (1); relevance to intent (1); solution relevance to instruction (1); step relevance (1); supportiveness of document for answering the query (1); task relevance (1); topical relevance (1); relationship (1); knowledge relevance (1); Visual Relevance (1); attribute relevance (1); Anchor Relevance (1); Clinical relevance (1); Image Groundedness (1); Node Relevance (1); Logical Relevance (1); Question Relevance (1); Target Relevance (1); TextUtilization (1); Visual Grounding (1); visual grounding (1); conceptual intent (1); citation relevance (1); context capture (1); Focus (1); text-image relevance (1); video relevance (1); Answer uses context (1); Contextual understanding (1); Conversation revision quality (1); Goal purpose understanding (1); Handling Ambiguity (1); Implicit Information Inference (1); Instruction-following Quality (1); Instruction-following ability (1); instruction-following ability (1); Instructional Adaptation Effectiveness (1); Instruction satisfaction (1); On track (1); Question&Answer Relevance (1); Relevance of Changes (1); Tool Relevance (1); alignment with user hint (1); context supports answer (1); context understanding (1); factual relevance (1); image awareness (1); some relevant information (1); whether retrieved documents can support answering the question (1); Context Integration (1); Contextual dependency (1); Contextual Awareness (CA) (1); document-topic alignment (1); seamless integration of context (1),QIG-c-3
Coherence,279,70,coherence (93); Coherence (67); logical coherence (8); Logical Coherence (7); Logical coherence (6); semantic coherence (5); Logic (5); Reasoning (5); reasoning (5); logic (5); coherency (3); logical flow (3); continuity (3); Coherent (2); logicality (2); Logicality (2); Coherence and Organization (2); Semantic coherence (2); rationality (2); Storyline Quality (2); Sensibleness (1); Coherency (1); Behavioral Coherence (1); COHERENCE (1); Reasoning Logical Flow (1); Scenario Coherence (1); argument-coherence (1); Coherence in long-form writing (1); Coherence of reasoning logic (1); Connection (1); Incoherence (1); Linguistic Coherence (1); Reasoning coherence (1); Smooth and logically connected information flow (1); Structural Coherence (1); storyline coherence (1); textual coherence (1); Argument Quality (1); argument quality (1); Consistency & coherence (1); Discourse consistency (1); Logic and Structure (1); Logical Flow (1); Narrative Quality (1); Reasonable (1); Storytelling (1); naturalness of topic shift (1); structural integrity (1); Contextual Coherence (1); Focus Score (1); Graph Coherence (1); Incoherent Steps Error (1); Logos (1); Long-Range Relational Dependency (1); Logicality of Argumentation (1); Organization Score (1); Reasonableness of descriptions (1); Reasonableness of the explanation (1); Reasoning Path Quality (1); Story-likeness (1); Temporal coherence (1); causal connections (1); composition score (1); overall structure (1); quality of reasoning steps (1); semantic trajectory (1); semantic completeness and coherence of answer options (1); semantic completeness and coherence of question (1); storyline logicality (1); sensibility (1),QOG-c-3
Consistency with Input,260,137,"faithfulness (43); Faithfulness (23); instruction-following (11); entailment (7); Entailment (7); instruction following (7); Instruction following (7); Instruction Following (6); meaning preservation (3); Adherence to instructions (3); Constraint satisfaction (3); Compliance (3); Instruction-following (3); fidelity (2); constraint satisfaction (2); Grounding (2); Character Fidelity (2); misunderstanding (2); instruction_following (2); compliance (2); instruction compliance (2); contextual consistency (2); constraint compliance (2); context consistency (1); Adherence to prompt and instructions (1); Context Maintenance (1); Image-text consistency (1); Rule adherence (1); Alignment with user intent (1); Consistency with original text (1); Consistency with specified genders (1); Contradictions in present and previous messages (1); Faithful reflection of input (1); Faithfulness/Consistency (1); Knowledge groundedness (1); Neglecting the context (1); adherence to intent constraints (1); faithfulness to chat history (1); intent consistency (1); rule application correctness (1); Meaning Preservation (1); Meaning preservation (1); adherence to instructions (1); Constraint Satisfaction (1); Visual Consistency (1); Answer Faithfulness (1); Attribution Failure (1); Contextual logic (1); Context Misdirection (1); Instruction Fulfillment (1); Role Knowledge (1); Role-Adherence (1); adherence to prompt (1); accurate representation of source transcript (1); constraint violation (1); entailed (1); logical entailment (1); text-image coherence (1); Accuracy of modifications (1); Alignment with formula (1); Alignment with initial conversational intent (1); Answer item mapping (1); Argument alignment (1); Carry-over correctness (1); Character (names, actions, emotions) (1); Chart Type (1); Condition satisfaction (1); Consistency with UNSAT-core (1); Context Fidelity (1); Contextual consistency (1); Contradictory Hallucination (1); Correct Filtering Conditions (1); Correctness and Fidelity (1); Field Misinterpretation (1); Handling of Nullable Columns (1); Meaning alteration (1); Modality Grounding (1); presupposition (1); Question&Answer Consistency (1); Repetitions between current and history replies (1); Role-playing Accuracy (1); Schema Alignment (1); Topic correctness (1); User Intention Inference (1); adherence to educational objectives (1); alignment with rationale (1); alignment with requirements (1); alignment with user intent (1); answer support (1); assessment of goal feasibility (1); attribute correctness (1); built-in requirements (1); consistency with final answer (1); consistency with the guide (1); context memory (1); correct output language (1); evidence grounding (1); expected language (1); factual coherency between answer and ambiguous question (1); faithfulness (rational/grounded/unequivocal) (1); honestly/precisely/closely executes the instruction (1); inconsistent_answer (1); intent capture (1); instruction-following capability (1); intent verification (1); narrative adherence (1); object quantity (1); object interactions (1); refusal compliance (1); spatial relationship (1); spatial relationships (1); strategy adherence (1); support alignment (1); Fidelity (1); Parameter mapping correctness (1); Answer Compatibility (1); Semantic Fidelity (1); Visual Faithfulness (1); constraint adherence (1); Alignment with premise (1); Alignment with requirements (1); Conceptual Alignment (1); Errors that significantly alter the meaning of the image (1); Instruction-following capability (1); Failed instruction following (1); Faithfulness and correctness (for summarization) (1); Rationale alignment (1); consistency with beginning (1); correspondence (1); consistency with visual context (1); constraint following (1); constraint fulfillment (1); instruction following ability (1); instruction following capability (1); information-mismatch (1); instruction alignment quality (1); target consistency (1)",QIC-c-3
Absence of Toxic / Harmful Content,241,58,"harmfulness (42); harmlessness (35); safety (31); Safety (29); Harmlessness (26); Harmfulness (12); toxicity (8); Toxicity (6); Harmful content (2); harm (2); Offensiveness (1); hatefulness (1); Disparagement (1); Harmless (1); Illegal Activities (1); Illegal activities (1); Morality Threat (1); Privacy leakage (1); Realistic Threat (1); Safety (safe vs unsafe) (1); Social Harm (1); maladaptive cognitions (1); overall offensiveness (1); Dangerousness (1); Detail level of unsafe content (1); Ethical violation (1); harmful (1); Hurtfulness (1); Non-toxicity (1); PII leakage detection (1); Presence of personally identifiable information (1); Presence of sensitive data (1); Problematic Content (1); Safety compliance (1); safety compliance (1); Safe with warning (1); Safety (potential physical harm) (1); Safety (unsafe vs. safe) (1); Safety Classification (1); Safety assessment (1); Self-harm (1); Toxic language (1); Toxicity (three-class: non-toxic, explicit toxic, implicit toxic) (1); Toxicity level (1); Unsafe Category (1); Violence (1); avoidance of unrest (1); benign vs malicious (1); content safety (1); detoxification preference (1); harmfulness detection (1); harmfulness of response (1); incitement of violence (1); malicious content (1); maliciousness (1); policy-violating content (1); safety violation (1); toxic content detection (1)",QOC-c-2
Usefulness (nonspecific),236,12,helpfulness (137); Helpfulness (77); usefulness (9); Usefulness (3); Helpful (2); Utility (2); utility (1); Overall Usefulness (1); Reasoning Usefulness (1); constructiveness (1); Constructiveness (1); Alignment with desired outcomes (1),QEG-w-3
Overall Quality / Preference,223,68,overall quality (33); quality (23); Quality (20); Overall Quality (17); preference (17); Overall quality (13); Preference (10); Overall (9); response quality (8); preference alignment (4); overall (3); overall score (3); Response quality (3); Response Quality (3); Overall Score (2); Overall score (2); text quality (2); Text Quality (1); overall response quality (1); Overall response quality (1); summary quality (1); Aesthetic Quality Score (1); Align (1); Experience (1); good (1); Instruction Quality (1); instruction quality (1); Overall Assessment (1); Overall assessment (1); Overall Impression (1); Quality (good/bad) (1); Questioning Skills (1); Segment Quality (1); Skill (1); Skillfulness (1); Writing Quality (1); Writing and Language (1); holistic (1); overall preference/quality (1); unacceptable (1); feedback quality (1); Help-Seeker Standard (1); Open-ended response scoring (0-10 scale) (1); Overall Judgment (1); Overall Winner (1); Overall story quality (1); overall story quality (1); Overall trajectory quality (1); Overall score (ultrafeedback-overall_score) (1); Preference Ranking (1); Preference for strengtheners (1); Preference for weakeners (1); Preference on response A or B or tie (1); preferences (1); Quality of generated responses (1); Solution quality (1); Subjective characteristic quality (1); System Performance (1); assessment score (1); event summary (1); good example (1); quality (1-5 rating) (1); quality score (1); quality of comments (1); segment-level quality (1); General generation quality (1); generation quality (1); quality rating (1),AUX-OverallQuality
Absence of Omissions (relative to input),196,89,completeness (38); Completeness (36); comprehensiveness (12); Comprehensiveness (10); information coverage (5); Omission (4); omission (3); sufficiency (2); information completeness (2); content completeness (2); Sufficiency (2); Inclusion (2); Object presence (2); omissions (1); label adherence (1); information loss (1); missing (1); under-translation (1); Missing information (1); No Missing Steps (1); Respects Guided Questions (1); omission of comparison describing a change from previous study (1); no-omission (1); Complete (1); Completeness of requirements (1); Completeness of Instruction Following (1); Content completeness (1); No-Omissions (1); Preservation of necessary information (1); element inclusion (1); full coverage (1); missing_information (1); omission of comparison describing change from previous study (1); omission of finding (1); partial coverage (1); whether all instructions are fulfilled (1); Atomic fact presence (1); Complete Response (1); Completeness of Essential Features (1); Evidence Support (1); Information Completeness (1); Information coverage (1); Partial refusal (1); Partial Refusal (1); Partial support (1); Response Completeness (1); Semantic Completeness (1); entity presence (1); feature completeness (1); recall of diagnosis (1); Accounting for Multiple Rows (1); Action presence (1); Answer item extraction (1); Comment inclusion (1); Concept coverage (1); Concept incorporation (1); Context Recall (1); Dimension-wise completeness (1); Distractor presence (1); Feedback common points (1); Knowledge Recall (1); Missed function or parameters (1); Missing step (1); Not Enough Info (1); One Step Missing Error (1); Requirement priority fulfillment (1); Step completeness (1); Strengths and Weaknesses (1); Wrong summarization (1); add missing conceptual nodes (1); analysis completeness (1); argument completeness (1); comprehensive symptom description (1); coverage of key points (1); existence of visual concepts (1); fact omission (1); formation of complete multiple-choice question (1); incomplete_reasoning (1); information comprehensiveness (1); information match (1); lack_justification (1); neglect of factual information (1); nuance preservation (1); presence score (0-1) (1); property presence (1); recall score of correct claims (1); Content Coverage (1); complete (1); content adequacy (1),QIC-c-1
Internal Consistency of Outputs,187,71,consistency (56); Consistency (37); logical consistency (9); contradiction (6); semantic consistency (5); Contradiction (5); Semantic consistency (4); Logical consistency (2); inconsistency (1); Contradict (1); Consistency in Terminology (1); Content Consistency (1); Internal consistency (1); Logical Consistency (1); Storyline Consistency (1); answer consistency (1); motivation consistency (1); non-contradiction (1); Informational consistency (1); Internal Consistency (1); Legal Consistency (1); Logically Consistent (1); No Discrepancy (1); Reasoning Integrity (1); Semantic Consistency (1); Trace-Answer Consistency (1); beliefs consistency (1); causal consistency (1); consistency of answers (1); dialogue consistency (1); internal contradiction (1); linguistic consistency (1); logical plausibility (1); logical relation consistency (1); patterns or inconsistencies in content (1); reasoning consistency (1); Contradictory (1); logical soundness (1); AD CONSISTENCY (1); conflict (1); Cross passage consistency (1); Disagreement (1); Disagreement with narrative (1); disagreement with narrative (1); Edit consistency (1); Role-Playing Consistency (1); stylistic consistency (1); action consistency (1); World-Building and Setting (1); Writing Style Consistency (1); behavioral logic (1); receptivity consistency (1); stance consistency (1); textual tone of voice consistency (1); terminology consistency (1); Gender representation consistency (1); Motivational consistency (1); Plot consistency (1); Structural consistency (1); Surface-level consistency (1); attitude flow consistency (1); balanced reasoning justification (1); contradiction validity (1); fallacy class consistency (1); identity contradiction (1); knowledge consistency (1); legal soundness (1); logical alignment (1); pair consistency (1); preferred change plans consistency (1); multi-hop type consistency (1),QOG-c-4
Fluency,171,16,fluency (88); Fluency (62); Language Fluency (4); Expression (3); linguistic fluency (2); Language Use (2); language fluency (1); Language fluency (1); Grammatical fluency (1); natural language flow (1); Language Quality (1); language quality (1); Language quality (1); Linguistic Quality (1); awkwardness (1); run smoothness (1),QOG-w-3
Appropriateness (outputs as a whole),146,99,"appropriateness (11); alignment (9); Appropriateness (8); Personalization (6); reasonableness (5); Alignment (4); Social Rules (3); professionalism (3); Reasonableness (2); personalization (2); Acceptability (2); alignment with user profile (2); policy compliance (2); personalization quality (2); acceptability (1); contextual appropriateness (1); cultural appropriateness (1); Cultural Appropriateness (1); suitableness (1); APPROPRIATENESS (1); Cultural appropriateness (1); Overall Social Intelligence (1); Professionalism (1); acceptable (1); Alignment with clinical needs (1); Alignment with user profile (1); Contextual appropriateness of data sharing (1); Cultural inappropriateness (1); Situation appropriateness (1); Social norm violation (1); contextual suitability (1); contextual adequacy (1); difficulty appropriateness (1); explanations for non-experts (1); insults avoidance (1); offensive (1); overall suitability (1); potentially offensive or dangerous for children (1); Privacy (1); privacy (1); Unsafe (1); unsafe (1); AD ACCEPTABILITY (1); Cultural Awareness (1); Cultural Behavior (1); Cultural understanding & adaptation (1); Culture and History (1); Fitting (1); Personal and Sociocultural Circumstances (1); Social Norm Adherence (1); Social Norm Appropriateness (1); Target Audience Alignment (1); Use Gentle Challenges and Interpretations (1); cultural relevance and sensitivity (1); cooperative (1); implicit offensiveness (1); performance_context (1); respectful (1); targeted (1); Acknowledgment (1); Acknowledgment of Knowledge Gaps (1); Character Utterance (1); Cognitive suitability (1); Contextual and Legal Understanding (1); Correct use of persuasive strategy (1); Cultural adherentness (1); Cultural alignment (1); cultural alignment (1); Cultural Conflict Management (1); Cultural Discrepancy (1); Error level acceptability (1); Essay Quality based on Rubric (1); Environment (scenes, objects, events) (1); Harm reduction strategy alignment (1); Integration of Personalized Elements (1); Interpersonal Effectiveness (1); Interaction Appropriateness (1); Minimal invasiveness (1); Norm Alignment (1); Overall quality (good opening speech) (1); Patient-Centricity (1); Recipient roles (1); Role-playing (1); Sensitive content (1); Therapist Standard (1); adherence to legal principles (1); appropriateness of emotion prediction (1); emotional fit (1); improper response (1); interaction friendliness (1); law abidance (1); pornography avoidance (1); presence of defects/inappropriate statements (1); presence of detailed procedural instructions for illegal activity (1); prohibited content (1); relational structure suitability (1); respect for cultural values (1); safety & security (1); contextual alignment (1)",QEG-w-2
Usefulness for Task/Information Need,143,110,support (6); Actionability (5); effectiveness (5); Goal Completion (4); actionability (4); Guidance (3); Financial and Material Benefits (3); goal relevance (3); intent alignment (3); actionable (2); Effectiveness (2); Task Success (2); supportiveness (2); Empowerment (2); practicality (2); Support (1); Supportiveness (1); Meeting User Needs (1); Providing guidance (1); Task Quality (1); pedagogical value (1); relevance to user information needs (1); Actionable Insights (1); Assistant Outcome Quality (1); Bug fixing score (1); Contribution to user tasks (1); Degree of support for the specified action (1); Feedback Effectiveness (1); Goal completion (1); Meta-review usefulness (1); alignment with intended purpose (1); assistive value (1); effective treatment recommendation (1); effectiveness in reaching the final answer (1); meeting user needs (1); overall helpfulness (1); reply usefulness (1); task completion contribution (1); Suggestion (1); guidance (1); success (1); Success (1); task success (1); Applicability (1); empowerment (1); Solvability (1); solvability (1); clinical significance (1); Practicality (1); Intent Alignment (1); Adaptiveness (1); Brainstorm and Evaluate Options (1); Complete Goal (1); Completion (1); Copywriting Quality (1); Elaboration (1); Directive Support (1); Ensure Readiness and Collaboration (1); History Taking Ability (1); Medical Interviewing Skills (1); Patient Education (1); Task performance (1); content suggestion (1); educational value (1); Educational Value (1); information sufficiency (1); utility preservation (1); summarization quality (1); Summarization Quality (1); task fulfillment (1); Alignment with user goals (1); Assessment Effectiveness (1); Claim support (1); Clinical meaningfulness (1); Constructive Support (1); Constructive Value (1); deal achievement (1); Domain-specific expertise (1); Error guidance quality (1); Guided Discovery (1); Learning Objective Achievement Effectiveness (1); Pedagogical Quality (1); pedagogical quality (1); Plan quality (1); plan quality (1); Planning quality (1); Problem-Solving (1); Problem-solving relevance (1); Questioning Effectiveness (1); Relevance to task (1); Relevance to the Task (1); Social Goal Completion (1); Support of assertions (1); Support of claims (1); Supportive Details (1); analytical querying support (1); conflict resolution effectiveness (1); contribution of intermediate answers (1); covering objectives (1); document support quality (1); goal completion (1); hindered task (1); practicality and effectiveness (1); quality of guidance (1); scaffolding guidance (1); sub-goal completion (1); success (binary) (1); task alignment (1); task-solving (1); overall effectiveness (1),QEG-w-3.1
Informativeness,130,45,informativeness (35); Informativeness (30); Insightfulness (5); Richness (4); detailedness (4); Informative (3); Detail (3); Detailedness (3); Information (2); Information Richness (2); richness (2); insightfulness (2); topic depth (2); Detail Orientation (2); Content Richness (1); Descriptiveness (1); Information provision (1); informativity (1); Reasoning Effective Info Inclusion (1); detail richness (1); content richness (1); Content richness (1); importance (1); detail (1); Topic Depth (1); Sufficiency of detail (1); Detail and Depth (1); Information content (1); Informational (1); Knowledge-Exposure (1); Insight (1); Quantitative Information (1); Surface-level Information (1); Use of Knowledge (1); Code Comments (1); conversational insightfulness (1); Depth & Essentiality (1); Ideas and Analysis (1); Ideas/themes (1); Quantitative Evidence Presence (1); Semantic information (1); information quantity (1); need for external information (1); textual information (1); very little information (1),QOG-c-2
Clarity,109,42,clarity (35); Clarity (33); ambiguity (2); Argument Clarity (1); Clarity of Expression (1); Clarification (1); Conceptual Clarity (1); Question Clarity (1); ambiguity reduction (1); lucidity (1); Communication Clarity (1); Lack of ambiguity (1); Linguistic Clarity (1); clarity improvement (1); logical clarity (1); Actions clarity (1); Clear and Concise Language (1); Manner (1); clarity and structure (1); conceptual clarity (1); misinterpretation (1); visual clarity (1); Visual Clarity (1); Ambiguity Reduction (1); Ambiguity Resolution (1); Category Clarity (1); Clarity of Viewpoint (1); Code Clarity (1); Directness (1); Explicit reasoning steps (1); Explicitness of Changes (1); Noisiness (1); Reconstruction-necessity (1); ambiguous scope (1); code clarity and documentation (1); logical distinction (1); metaphor effectiveness (1); recoverability (1); remove nodes with unclear semantics (1); Explicit (1); transparency (1); clarity of concepts (1),QOG-w-5.1
Semantic Correctness,96,82,semantic accuracy (3); logical correctness (3); Logical reasoning (3); semantic alignment (3); semantic correctness (2); Semantic accuracy (2); relation correctness (2); math (2); Math (2); correctness of reasoning steps (2); Semantic Correctness (1); Context-based meaning error (1); Description Correctness (1); Semantic correctness (1); Semantic Accuracy (1); semantic validity (1); Conceptual Accuracy (1); Incorrect event logical reasoning (1); Semantic Understanding Error (1); Semantic soundness (1); content errors (1); meaning misinterpretation (1); swapped events (1); Semantics (1); logical validity (1); causality (1); logical rationality (1); Gibberish (1); Reasoning Evidence-Based Reasoning (1); Semantic quality (1); semantic quality (1); Spatial Relations (1); Temporal Error (1); Validity of Reasoning (1); argument validity (1); conveyance of figurative meaning (1); negates (1); Analytical correctness (1); Calculation error (1); Calculation errors (1); Calculator Error (1); Fallacious premise match (1); Implausible Error (1); Information reasoning accuracy (1); Logical Negation (1); Logical correctness (1); Logical validity of reasoning trace (1); Mathematical Integrity (1); Mathematical calculation (1); Numerical Errors (1); Numerical correctness (1); Reasoning errors (1); Section Correctness (1); Semantic alignment (1); Temporal reasoning (1); Uncertainty expression accuracy (1); accuracy and consistency of emotion description (1); analogy correctness (1); cognitive correctness (1); lexical sanity (1); logical robustness (1); plausibility ranking (1); presence of logical fallacies (1); predicate applicability (1); procedural mistakes (1); semantic ambiguity (1); Logical Correctness (1); correctness of intermediate reasoning steps (1); Assumption validity (1); Chain-of-Thought reasoning presence (1); Correct reasoning driving safety prediction (1); Conclusion Accuracy (1); Inference correctness (1); Reasoning completeness (1); reasoning completeness (1); Reasoning proficiency (1); conceptual mistakes (1); logical correctness of reasoning steps (1); incorrect_reasoning (1); reasoning step accuracy (1); reasoning accuracy (1); reasoning step validity (1),QOC-c-1
Specificity/Non-specificity (relative to input),80,18,level of detail (37); specificity (14); Specificity (11); Level of Detail (4); Specificity in addressing identified issue (1); Specificity level (1); underspecification (1); specific (1); granularity (1); Overgeneralization (1); abstractness (1); Avoid Generic Responses (1); Context Precision (1); context precision (1); Location disclosure at specified granularity (1); non-genericity (1); properly scoped (1); specificity equivalence (1),QIF-c-3
Creativity/Non-creativity (outputs as a whole),75,16,creativity (29); Creativity (19); Novelty (7); originality (4); Originality (3); novelty (2); Innovativeness (2); Creative (1); Original (1); creative problem-solving (1); novelty of ideas (1); Innovation & Uniqueness (1); Innovative Moments (1); information novelty (1); insightful (1); surprisingness (1),QOF-w-6
Grammaticality,74,35,grammaticality (9); grammar (9); Grammaticality (5); structure (5); grammatical correctness (4); Grammar (4); Grammatical correctness (4); Structure (4); sentence structure (3); Linguistic Acceptability (2); Grammatical Correctness (1); well-formedness (1); GRAMMATICALITY (1); Grammar & linguistics (1); Abusing of Clauses (1); Language accuracy (1); grammar and syntax (1); linguistic acceptability (1); syntactic integrity (1); Well-formedness (1); False Concatenation (1); Language Usage (1); syntax (1); Expression accuracy (1); Linking Verb Structure Significance (1); Long dependency (1); Past Tense Verb Significance (1); Spacing (1); Structural correctness (1); absence of abnormal language patterns (1); claim punctuation (1); composition (1); correct language (1); punctuation correctness (1); structural soundness (1),QOC-f-1
Engagingness/Interestingness,70,27,Engagement (11); engagement (10); engagingness (9); Engagingness (7); interestingness (5); Interestingness (4); Interesting (2); attractiveness (2); Interest (2); interesting (1); interest (1); engaging (1); Engaging (1); Interest Level (1); Immersion (1); Curiosity (1); Enjoyment and Engagement (1); Engaging Narrative (1); Interactive Engagement (1); Immersion and Setting (1); Interest generation (1); Motivates and Stimulates Student Curiosity (1); fascination (1); user engagement (1); Interest Score (1); thought-provoking (1); user involvement (1),QEF-w-10
Functional Correctness,70,61,code correctness (4); Step correctness (3); step correctness (3); Step Correctness (2); coding (2); Functional correctness (1); Formula correctness (1); functional correctness (1); Action Execution (1); Code Correctness (1); Correctness of Code (1); Correctness of SQL results (1); Correctness of function calls (1); Functionality (1); Potential to introduce new bugs (1); Task solving (1); Task success (binary) (1); coding correctness (1); correct tool invocation (1); formula correctness (1); functional equivalence (1); functionality correctness (1); successful execution (1); task success (pass) (1); test case pass rate (1); Chart Correctness (1); Behavioral Accuracy (1); Code Quality (1); Executable (1); goal achievement (1); Interaction/Action Accuracy (1); action correctness (1); Vulnerability presence (1); API call correctness (1); Algebraic Manipulation (1); Algorithmic logic correctness (1); C3: Eliminates incorrect options (1); Code correctness score based on error severity (1); Code Execution (1); Correctness of Action (1); Effectiveness of SQL Injection (1); Fix effectiveness (1); Identification of contamination errors (1); Implementation correctness (1); Intermediate step correctness (1); intermediate step correctness (1); Repair correctness (1); Task dependency accuracy (1); correct order of tool calls (1); defense success rate (1); effect on game state (1); library import requirements (1); malfunction (1); mistake in first step (1); refusing to disclose personal information (1); syllogistic reasoning (1); symbolic reasoning capability (1); support for SQL-based reasoning (1); target achievement (1); therapy technique (1); solution correctness (1),QEC-w-1
Detectability of Speaker/Author Trait,65,57,"Agreeableness (3); Neuroticism (2); Personality (2); Conscientiousness (2); Extraversion (2); decisiveness (2); roleplay (2); Friendliness (1); Active Listening (1); Active listening (1); Empathetic Tone (1); Empathic Understanding (1); Empathy and Respect (1); Persona-Utterance (1); Personality Traits (1); cognitive empathy (1); personality (1); BFI dimension scores (1); Personality trait scores (1); individualism (1); integration of speaker characteristic (1); persona consistency (1); Decisiveness (1); Aggressiveness (1); aggressiveness (1); Competence Threat (1); Egocentric Thinking (1); Encouraging (1); Non-judgmental and Accepting Attitude (1); Persona-Behavior (1); Personalness (1); Xenophobia (1); aggregate article bias (1); Knowledgeability (1); political affiliation (1); Roleplay (1); Alignment with character/user traits (1); Ethos (1); Expertise (1); Human vs AI detection accuracy (1); Intrinsic confidence (1); Maliciousness detection (1); Politeness strategy labeling (positive politeness, negative politeness, off-record, bald-on-record) (1); Teacher Tone (1); alignment with character's personality (1); artistic style identification (1); belief confidence (1); character strengths (1); collectivism (1); consistent role identity (1); patiently explain and guide (1); personality dimension scores (1); personality traits (1); power-seeking or non-power-seeking preference (1); proactive interaction (1); speaker recognition (1); user similarity (1)",QEF-w-5
Absence of Bias / Stereotypes,64,54,fairness (4); Neutrality (3); Sycophancy (3); Bias (2); representativeness (2); fair (2); bias (1); stereotypical (1); sycophancy (1); unfair bias (1); Anglocentrism (1); Categorization Threat (1); Bias and Discrimination (1); Biasness (1); Classism (1); Conservatism Injection (1); Gender bias (1); Inclusiveness (1); LGBTQ+ Inclusiveness (1); LGBTQ+ Support Networks (1); Opportunity Harm (1); NPOV (1); Racism (1); Sexism (1); Symbolic Threat (1); degree of gender bias (1); direct bias (1); gender neutrality (1); implicit bias (1); race or ethnicity descriptions (1); ses_compensates (1); Association of attributes with demographic groups (1); Balanced judgment (1); Bias presence (1); Biased attribution (1); Compliance with Constitutional Principles (1); Discrimination (1); Ethicality (1); Presence of stereotype or counter-stereotype text spans (1); Severity of bias (1); avoiding biased content (1); bias detection (1); correctly gendered (1); discrimination and prejudice (1); fairness awareness (1); fairness compliance (1); fairness bias (1); headline political bias (1); moral responsibility (1); power dynamics (1); stereotype bias (1); sycophancy detection (1); world knowledge bias (1); wrongly gendered (1),QEC-c-3
Classification Accuracy,59,58,"Conflict detection (2); agrees (1); label accuracy (1); Behavior classification accuracy (1); Binary correctness (1); Category Alignment (1); Correct behavior type (direct answer, tool call, follow-up question, unable to answer) (1); Correctness of Yes/No/Maybe responses (1); Correctness of convergence/divergence prediction (1); Correctness of disease diagnosis (1); Edit action type accuracy (1); Error detection accuracy (1); Harm category prediction (1); Intent Accuracy (1); Risk classification accuracy (1); Snippet-level intent detection (1); Tool selection accuracy (1); accurate diagnosis (1); causation detection (1); class correctness (1); coordination detection (1); correct option classification (1); correctness (yes/no) (1); dialog act labels (1); error category detection (1); gender identification (1); judgment of step correctness (Yes/No) (1); real vs fake classification (1); rejection vs. acceptance of query (1); script label correctness (1); conflict detection (1); Issue spotting (1); Relationship Type (1); severity label correctness (1); Choice agreement (1); Conversation-level SE attempt detection (1); Fallacy class match (1); Fine-grained emotion labels (27 categories) (1); Harmful content detection (1); Head activity (active/inactive) (1); Identification of hidden benefactor (1); Intent label alignment (1); New Label Validity (1); Subfigure counting accuracy (1); class membership (1); closest option determination (1); cognitive state labeling (1); consistency with human label (1); dialogue acts (1); entity linking accuracy (1); error detection in stdout/stderr (1); grounding relation (entail/contradict/irrelevant) (1); identification of factual contradiction (1); prediction accuracy (1); error category (1); Error Type Classification (1); error classification (1); Error identification attempt and accuracy (1)",QTC-w-1
Complexity/Non-complexity (content/meaning),56,15,depth (28); Depth (14); Analytical Depth (2); narrative complexity (1); Complexity of Claims (1); conceptual depth (1); Conceptual Depth (1); depth and detail (1); multi-hop reasoning (1); Attention to detail (1); Detail Level (1); Reasoning depth (1); reasoning depth (1); Technical Depth (1); multi-step reasoning (1),QOF-c-3
Naturalness (outputs as a whole),51,14,naturalness (24); Naturalness (15); Natural (1); Dialogue Naturalness (1); Perceptual Quality (1); typicality (1); Transition Naturalness (1); natural (1); perceptual quality (1); translationese (1); adherence to realistic settings (1); natural human or system behavior (1); natural question answering (1); plausibility of result (1),QEG-w-1
Adherence to Style Guide,48,39,policy violation (4); Format compliance (3); format (3); format adherence (2); adherence (2); Format adherence (1); Adherence to CLAS usage guidelines (1); Adherence to Guidelines (1); Honorific correctness (1); accuracy of citation style (1); citation standards (1); format compliance (1); style adherence (1); Terminology (1); terminology (1); formatting (1); style consistency (1); Style consistency (1); Domain Compliance (1); Full compliance (1); Full Compliance (1); Format correctness (1); Locale convention (1); coding standards (1); Adherence to rubric (1); Adherence to rubric points (1); Bullet point numbering (1); Bullet point usage (1); Format Compliance (1); Layout positional correctness (1); Output format compliance (1); Professional terminology (1); Rubric guidelines (1); Safety policy adherence (1); collocation and register oversight (1); format standardization (1); principle adherence (1); privacy compliance (1); rule compliance (1),QEC-f-1
Nonredundancy (form),46,6,conciseness (20); Conciseness (20); Concise (2); Repetitiveness (2); CONCISENESS (1); laconicity (1),QOG-f-1
Coverage of Topics (given in input),45,17,coverage (16); Coverage (12); aspect coverage (2); thoroughness (2); Profile coverage (1); Topic Coverage (1); Thoroughness (1); Core Knowledge Coverage (1); Knowledge coverage (1); Semantic Coverage (1); semantic coverage (1); Semantic coverage (1); Coverage of Diverse Values (1); Key point coverage (1); bonus point coverage (1); no coverage (1); topic coverage (1),QIC-c-4
Understandability,44,23,understandability (8); Understandability (6); Understanding (4); Meaningfulness (3); Comprehension (3); comprehensibility (2); meaningfulness (2); Comprehensibility (1); Understandable (1); interpretability (1); ability to convey complex ideas (1); semantic comprehensibility (1); Interpretability (1); Clarity and Coherence (1); Intrinsic load (1); Standalone (1); Semantic interpretability (1); Student understanding (1); Temporal Comprehension (1); Temporal Understanding (1); temporal understanding (1); Unintelligible (1); intuitiveness (1),QOG-w-5
Empathy / Emotional Appropriateness,43,21,Empathy (15); empathy (7); Emotional Support (2); Theory of Mind (2); emotional support (1); Affective Bond (1); Emotional Appropriateness (1); Humanistic Care (1); Human-Centered Communication (1); Sensitivity and Openness (1); Supportive (1); Disregard for changes in user emotions (1); Encouragement (1); Mind Feelings Awareness (MFA) (1); Personalization & Empathy (1); emotional relevant information (1); emotional support skills (1); empathetic response (1); emotional empathy (1); urgency (1); vibe (1),QEF-w-11
Complete Target Output Matching,43,42,match to ground truth (2); target success rate (1); Answer Match (1); Exact match (1); match correctness (1); Answer match (1); Consistency with ground truth (1); Correct answer (1); Meta-review matching (1); Question answering accuracy (1); Ranking correctness (1); alignment with correct answer (1); alignment with ground truths (1); alignment with human answer (1); alignment with ground truth (1); correct answer (1); correct association (1); exact answer match (1); perfect (1); test output correctness (1); error correction (1); Error Correction (1); Attribute Accuracy (1); accuracy and adequacy of correction (1); accuracy of cognitive model components (1); correctly_predicted_relations (1); Coordinates accuracy (1); Error correction attempt and accuracy (1); Incorrect Ground Truth Detection (1); Match of main difference (1); Reference error (1); accuracy of corrected solution (1); activation prediction accuracy (1); absolute difference to target (1); attack success (generation of target harmful response) (1); condition identification quality (1); correctness of captions (1); correctness of annotations (1); element accuracy (1); match to protocol description (1); partial credit (1); step prediction accuracy (1),QTC-w-3
Refusal Appropriateness,42,31,Refusal (6); refusal (5); jailbreak success (2); refusal behavior (2); Full refusal (1); Full Refusal (1); Refusal/Compliance (1); Jailbreak success (1); Refusal behavior (1); refusal to respond (1); Abstention correctness (1); Absence of refusal in response (1); Abstention behavior acceptability (1); Compliance with policy-violating instruction (1); Denial (1); Ignorance of user requests to advance storyline/deepen relationships (1); Jailbreak Resistance (1); Over-refusal (1); Refusal vs. compliance (1); Refusal/abstention (1); Refusal to generate harmful content (1); Safe with refusal (1); deflection (1); explicit rejection (1); oversafety (1); proactive refusal (1); rejection (1); safety (jailbreak success) (1); safety-filter message presence (1); trap identification (1); unknown question rejection (1),QEC-w-2
Degree to which Output Answers Question in Input,42,33,"Answer correctness (4); answer correctness (3); Answer Correctness (2); answer accuracy (2); correctness of generated answers (2); final answer correctness (2); Answer accuracy (1); Revealing of the answer (1); answered (1); correctness of final answer (1); unanswered (1); Answer alignment (1); C4: Indicates, supports, or analyzes the correct answer (1); Final answer correctness (1); Whether response answers the question (1); completeness of subquestion answers (1); effectiveness in addressing query (1); knowledge-dependent answerability (1); sufficiently answers the original query (1); Addressing issues (1); Accuracy-Answer (1); Correct Answer Depth of Understanding (1); Fulfillment (1); cross-turn reasoning (1); Directness of answer (1); addresses question directly (1); completeness of final answer (1); direct fulfillment (1); equivalent answer (1); first AI answer correctness (1); misunderstood question (1); potential to deduce correct answer (1); reflection step identification (1)",QIG-w-2
Control over Style,40,28,style (10); Style (4); Style Alignment (1); Tone & authorial voice (1); Application of specified playwriting techniques (1); Preference for plain statements (1); Vocabulary Alignment (1); tone adherence (1); linguistic style (1); Article style (1); Imitativeness (1); Professional tone (1); Role Language (1); Stylistic Shift (STS) (1); Tutor tone (1); academic (1); conversational styles (1); style alignment (1); writing style (1); academic style improvement (1); Expression Style (1); Interaction Style Similarity (1); Language Alignment (1); Style matching (1); Tone and Style (1); language style (1); letter format (1); relevance to writing style (1),QIF-f-2
Absence of Additions (relative to input),39,29,Hallucination detection (6); hallucination detection (5); Irrelevant (2); over-translation (1); New Information Introduced (NII) (1); Religious Injection (1); information addition (1); no-addition (1); C2: Introduces indirect factual or inferential knowledge (1); No Hallucination (1); No-Additions (1); additions (1); baseless spans (1); mention of comparison not present in reference (1); irrelevant (1); Not-supported (1); mention of a comparison not present in referenced impression (1); no hallucination (1); Answer Groundedness (1); Avoidance of interference from irrelevant documents (1); Avoidance of unnecessary or incorrect interpretations (1); Avoidance of unwarranted generalizations (1); C1: Contains irrelevant content (1); Necessity alignment (1); Position addition correctness (1); Restricted information (1); Unsupported (1); object presence assumption (1); Grounding & Specificity (1),QIC-c-2
Complexity/Non-complexity (outputs as a whole),38,15,complexity (10); Complexity (9); difficulty (5); simplicity (3); Simplicity (1); Simple Language (1); Reasoning Level (1); combinatorics (1); instruction difficulty (1); Path Granularity (1); Complexity of Code (1); Oversimplification (1); Question&Answer Difficulty (1); Sophistication (1); challenge level (1),QOF-w-3
Effect on User Emotion,36,30,Comforting (3); emotional intensity (3); Emotional Impact (2); fear (2); Emotion (1); emotion provocation (1); Happiness (1); Fear (1); AFFECTIVE APPEALS (1); Affective Improvement (1); Emotional Appeal (1); Emotional Resonance (1); Emotional Validation (1); Emotional arousal (1); Inspiring (1); Reassuring (1); Valence (1); anxiety (1); anger (1); emotional states (1); inspirational content (1); worry (1); Pathos (1); Self-reported Feelings (1); emotional engagement (1); emotional state progression (1); facial expressions (1); immersive (1); negative emotions (1); positive emotions (1),QEF-w-3
Diversity/Non-diversity (outputs as a whole),35,16,diversity (13); Diversity (8); distinctness (1); Diverse (1); caption diversity (1); degree of diversity (1); Uniqueness (1); flexibility (1); Flexibility (1); variety (1); Distinctness (1); Independent (1); Response diversity and integrity (1); comprehensive diversity (1); language variation (1); task diversity (1),QOF-w-1
Similarity to Target Outputs (content/meaning),33,12,semantic equivalence (20); Semantic Equivalence (2); semantic match (2); Semantic equivalence (1); content similarity (1); event type definition similarity (1); Semantic match to reference answer (1); Semantic answer overlap (1); Relevance to standard answer (1); Stance alignment (1); event overlap (1); information overlap (1),QTG-c-1
User Satisfaction as Affected by Outputs,32,24,User Satisfaction (4); Satisfaction (3); overall satisfaction (2); likability (2); Likeable (2); overall preference (1); Subjective preference (1); Star Rating (1); like (1); satisfying (1); human preference (1); transformation satisfaction (1); Overall Preference (1); Expectation Fulfillment (1); Upvote Likelihood (1); alignment with human preferences (1); Alignment with human preferences (1); answer quality preference (1); human-centric alignment (1); physician preference (1); Alignment with personal preference (1); Human preference (1); response quality improvement (1); likeability (1),QEG-w-6
Wellorderedness,31,27,Organization (2); organization (2); logical structure (2); reasoning process (2); Argument Arrangement (1); Order Correct (1); Ordering (1); correct ordering (1); logical organization (1); Event order consistency (1); Order consistency (1); logical progression toward solution (1); Closure (1); Plot and Structure (1); Structural logic (1); hierarchical clarity (1); timing of topic shift (1); Chronology (1); Conversational Flow (CF) (1); Global Structure (1); Logical progression (1); structure improvement (1); claim structure (1); plot structure (1); quality of the reasoning path (1); quality of planning (1); visual organization (1),QOG-c-3.1
Appropriateness of System Response Type,29,21,"Instruction adherence (4); Instruction Adherence (3); type relevance (2); Adaptability (2); instruction adherence (2); Follow-up (1); Suitability for question type (1); answer refusal (1); appropriate refusal (1); response type (compliance vs refusal) (1); adaptability (1); Role Choice (1); ask-for-clarification (1); conversation strategy (1); Expression of doubt or refusal for unknown knowledge errors (UKE) (1); Feedback roles (similar, complementary, conflicting, unrelated) (1); Responding (1); SMART goal-setting (1); Task Understanding (1); command-following ability (1); proper response (1)",QIG-f-1
Readability,28,6,readability (18); Readability (6); reading ease (1); overall readability (1); readability improvement (1); code readability (1),QOG-w-2
Similarity to Target Outputs (outputs as a whole),28,20,similarity (4); Similarity (4); match (3); Closeness (1); Textual similarity (1); overall resemblance (1); Agreement with human judgments (1); Alignment with reference answer (1); Free-text Similarity (1); LCS Ratio (1); Relatedness to ground truth (1); output alignment with reference (1); overall similarity (1); proximity to expected answer (1); proximity to ground-truth (1); result similarity (1); similarity to ground-truth (1); AD SIMILARITY (1); Reproduction capability (1); matching extent (1),QTG-w-1
Relative Factual Accuracy,28,24,attribution (3); verification accuracy (2); citation support (2); Comparator factuality (1); Alignment with ground truth figure (1); Groundedness of generated answer (1); Supported/Contradicted/Undecided (1); alignment with retrieved evidence (1); support from source documents (1); supported/unsupported (1); Attribution (1); Evidence (1); EVIDENCE (1); evidence (1); Partially Supported (1); citation supportiveness (1); emotion accuracy (1); Consistency with visual evidence (1); Correctness of description-concept mapping (1); Incomplete fact detection (1); Knowledge grounding (1); context attribution accuracy (1); in-document verification (1); using game lore (1),QEC-c-2
Nonredundancy (output as a whole),26,14,Redundancy (8); redundancy (6); succinctness (1); Minimality (1); No Redundant Steps (1); Non-repetition (1); No Repetition (1); concision (1); language repetition (1); low redundancy (1); Succinctness (1); Context Concision (1); Conciseness and Precision (1); whether AI answers more than once (1),QOG-w-1
Similarity/Dissimilarity to Non-target Reference (content/meaning),25,14,semantic similarity (10); Semantic Similarity (2); Semantic similarity (2); Object similarity (1); alignment with government narrative (1); background similarity (1); relevance to human reference (1); text-image alignment (1); Agreement with narrative (1); agreement with narrative (1); narrative similarity (1); alignment with opposition narrative (1); empathic similarity (1); perspective alignment (1),QEF-c-1
Control over Sentiment,24,17,sentiment consistency (3); neutral (2); Neutral (2); sentiment (2); Sentiment (2); sentiment polarity (2); Sentiment correctness (1); ad negativity (1); sentiment reflection (1); Neutral Tone (1); Positivity (1); Sentiment Shift (SS) (1); emotional alignment (1); Emotional Alignment (1); Neutral inference (1); Positive/negative sentiment (1); connotation polarity (1),QIF-w-2
Effect on User Stance,23,15,Persuasiveness (5); persuasiveness (4); convincingness (2); value reinforcement (seeker perspective) (1); Client empowerment (1); Cultivating Change Talk (1); Establish a Trusting Foundation (1); Empowering (1); Full support (1); agreement level (1); increased polarization (1); value alignment (1); Value alignment (1); Therapeutic Alliance (1); war or peace preference (1),QEF-w-7
Quality as Explanation of Input,23,19,Reasoning Quality (3); reasoning quality (3); Reasoning correctness (1); Context clarification (1); Overall explanation quality (1); explanation correctness (1); overall explanation quality (1); Issue Clarification (1); cross-modal grounding (1); depth of explanation (1); rationale quality (1); Counterfactual (1); Justification with Evidence (1); Problem breakdown (1); completeness of explanation (1); correctness of explanation (1); identification of explicit or implicit provision of instructions (1); Reasoning quality (1); Reasoning Correctness (1),QIG-w-3
Meaning Accuracy,23,22,semantic adequacy (2); Equivalence (1); SCU presence (1); Meaning Accuracy (1); Semantic equivalence assessment (1); alignment of meanings (1); consistency with ground-truth answer (1); mathematical equivalence (1); semantic matching (1); semantic equivalence of error messages (1); semantic meaning equivalence (1); equivalence (1); Correct Answer Occurrence (1); General equivalence (1); Alignment with human rationales (1); disambiguation accuracy (1); Entailment of ground-truth answers (1); Missing fact detection (1); Missing relation type (1); Semantic Entailment (1); predicate alignment (1); pun equivalence (1),QTC-c-1
Appropriateness (content/meaning),23,20,Cultural Relevance (2); semantic appropriateness (2); content alignment (2); Inappropriate sexual content (1); cultural relevance (1); Cultural relevance (1); Content quality (1); Content alignment (1); Brand Identity Score (1); Rhetoric (1); Societal norms (1); Time Schedule Relevance (1); Using Pedagogical Techniques (1); grandstanding (1); harm categories (1); Character Behavior (1); Professional expertise (1); appropriate prescription (1); give legitimate advice (1); not revealing the answer (1),QEG-c-2
Cohesiveness,22,18,Cohesion (2); cohesiveness (2); Cohesiveness (2); Givenness (2); COHESION (1); cohesion (1); logical linkage (1); Semantic connectedness (1); lexical cohesion (1); linking accuracy (1); logical relation (1); Integration (1); Local Structure (1); Transition Quality (1); co-reference resolution (1); grammatical cohesion (1); logical relationship (1); semantic relation (1),QOG-c-3.2
Humanlikeness,20,13,Human-likeness (3); realism (3); Humanness (2); Anthropomorphism (2); Humanoid (2); humanness (1); Human-Likeness (1); Human likeness identification (1); human-like style (1); human-like tone (1); Realism (1); Language and Rhetoric (1); human-like selection (1),QOG-w-4
Appropriateness (form),18,15,language correctness (3); Politeness (2); Language Correctness (1); Gesture Appropriateness (1); Language correctness (1); politeness (1); WORD CHOICE (1); Civil Language (1); Jargon (1); Refinement (1); Tunisian Arabic Usage (1); Localization quality (1); Suitability for speech interaction (1); Target language fit (1); refusal tone (1),QEG-f-2
Effect on User Behaviour,18,17,impact (2); CTA Effectiveness (1); Encouragement of Emotional Expression (1); donation willingness (1); healthy behaviors (1); Impact (1); Broadening discussion (1); Encourages Active Learning (1); Encouraging Critical Thinking (1); Encouraging Self-Exploration (1); impactful (1); Harmful behavior (1); Session Outcomes (1); no effect on task (1); persuasion (1); promotion of peaceful measures (1); user self-disclosure (1),QEF-w-2
Detectability of Speaker/Author Stance,16,15,perspective (2); STANCE CLARITY (1); Political leaning (Biden vs. Trump) (1); stance (1); Stance (1); opinionized speech (1); political leaning (1); value reinforcement (supporter perspective) (1); Affirmative (1); Feedback seeking (1); Ideological alignment (liberal vs conservative) (1); No stance (1); Political Lean (1); sarcastic tone (1); technology or nature preference (1),QEF-w-4
Task Completion Speed,14,6,efficiency (8); Efficiency (2); Task completion (1); task completion (1); inefficiency (1); promptness (1),QEG-w-5.2
Output Length,14,8,verbosity (4); Verbosity (4); length (1); Token quantity (1); longer generation (1); brevity (1); Answer terseness (1); size (1),QOF-f-5
Non-AI Likeness,11,6,authenticity (4); Authenticity (3); machine-generated detection (1); real vs synthetic (1); real/fake classification (1); AI-generated vs human-written classification (1),QOG-w-4.2
Translation Accuracy,11,9,Translation quality (3); mistranslation (1); Translation accuracy (1); overall translation quality (1); Non-translation (1); idiom translation (1); Fact entailment across languages (1); translation quality (Direct Assessment score) (1); translation quality scoring (1),QIC-w-1
Answerability from Input,10,3,answerability (5); Answerability (4); Sub-question Answerability (1),QIG-c-1
Diversity/Non-diversity (content/meaning),10,8,Breadth (3); Pluralistic Representation (1); topic diversity (1); Exploration of Thoughts and Narratives (1); Pluralistic values (1); pluralistic values (1); Reflection of Pluralistic Perspectives (1); richness of emotional description (1),QOF-c-1
Control over Multiple Attributes,10,10,controllability (1); Alignment with Per-sample Criteria (1); target attribute achievement (1); Satisfy Constraint (1); adherence to constraints (1); angry tone (1); attribute controllability (1); generative guidance (1); target attribute alignment (1); Satisfaction of individual constraints (1),QIF-w-5
Ease of Communication,9,8,Corrigibility (2); Collaboration (1); Communication Skills (1); Extraneous load (1); Reflection Efficiency (1); Communication effectiveness (1); convenience (1); general conversation skills (1),QEG-w-5.1
Nonredundancy (content/meaning),8,8,necessity (1); No Duplicate Steps (1); Redundant information (1); Non-rephrased content (1); topic uniqueness (1); Information Density (1); Step redundancy avoidance (1); logical efficiency (1),QOG-c-1
Goodness as Explanation of System Behaviour,8,8,Explanation quality (1); filter rationale correctness (1); Correction guidance (1); Explainability and Reasoning (1); Rationale for decision (1); error explanation (1); suitability of rationale (1); transparency disclosure (1),QEG-w-4
Control over Formality/Informality,7,2,tone (6); Academic Formality (1),QIF-f-2.1
Humorousness/Non-humorousness,6,4,humor (2); Humor (2); humorous tone (1); jokes (1),QOF-w-5
Win Rate,6,5,win rate (2); Winnability (1); Win rate over backbone model (1); Win rates (1); relative win rate against baseline (1),QEG-w-10
Form Accuracy,6,5,Structural Alignment (2); Final answer formatting (1); Gender inflection accuracy (1); correctness of filler positions (1); quotation alignment (1),QTC-f-1
Clarity of Referents,6,6,Coreference (1); explicit identification of different individuals (1); Reference Correctness (1); Reference object usage (1); disambiguating (1); element referencing (1),QEG-w-7
Diversity/Non-diversity (form),6,6,Expression Diversity (1); variety of vocabulary (1); phrasing diversity (1); stylistic variation (1); wording variation (1); lexical choice and diversity (1),QOF-f-1
Formality/Informality,5,3,formality (3); informal language (1); formal language (1),QOF-f-4
Similarity/Dissimilarity to Input (content/meaning),5,4,content preservation (2); Alignment with source document (1); topic similarity (1); alignment with document (1),QIF-c-2
Character Matching,5,4,Character Consistency (2); character consistency (1); character overlap (1); character-level correspondence (1),QTC-w-3.2
Naturalness (form),5,5,naturalness of language (1); Language Expression (1); language expression (1); idiomaticity (1); naturalness of filler types (1),QEG-f-1
Similarity/Dissimilarity to Non-target Reference (outputs as a whole),5,5,alignment with cluster examples (1); similarity to human descriptions (1); Similarity between conversational tones (1); Functional similarity (1); Similarity assessment (1),QEF-w-1
Sequence Labelling Accuracy,5,5,recognition of same person in sequence (1); bio-entity match score (1); episode labeling (1); first answer step detection (1); logical label alignment (1),QTC-w-2
Similarity/Dissimilarity to Non-target Reference (form),5,5,structural similarity (1); Genre similarity (1); Scientific Language Alignment (1); Writing Style Similarity (1); stylistic divergence (1),QEF-f-1
Effect on User Opinion,5,5,Certainty Shift (CS) (1); Overall Persuasiveness (1); tendency to reinforce or correct false claims (1); Agree (1); maintaining confidence (1),QEF-w-6
Spelling Accuracy,4,4,spelling (1); Spelling (1); spelling correctness (1); accuracy of capitalization (1),QOC-f-2
Cross-Dataset Generalisation,4,4,generalizability (1); Generalizability (1); generalizations (1); Transfer (1),QTG-w-3
Inclusion of Keywords (given in input),4,4,Keyword coverage (1); object keyword correctness (1); behavior keyword correctness (1); rejection keyword presence (1),QIC-f-2
System Usability as Affected by Outputs,4,4,Usability (CUQ) (1); Assistant Interaction Quality (1); Easy to Learn (1); Required Skill Level (1),QEG-w-5
Adherence to Syntactic Rules,4,4,programming language specification (1); Data type conformity (1); rule violation (1); Linguistic requirements (1),QEC-f-2
Poeticness/Non-poeticness (outputs as a whole),4,4,expressiveness (1); Poeticness (1); Literary devices (1); Poeticity (1),QOF-w-2
Poeticness/Non-poeticness (form),3,3,Rhythm and form (for poems) (1); poetic style (1); Beauty of Form (1),QOF-f-2
Conformance to Syntactic Structure (given in input),3,3,syntactic constraints (1); Adherence to format requirements (1); format specification (1),QIC-f-1
Success of Style Transfer from Sample,3,3,style transfer accuracy (1); Adaptive-Imitativeness (1); Style transfer strength (1),QIG-f-2
Speech Quality,3,3,Beauty of Sound (1); Speech-suitability (1); noise symptoms (1),QOG-f-2
Similarity/Dissimilarity to Input (outputs as a whole),3,3,Inherit characteristics (1); Maintain differences (1); first user question near-exact rephrasing (1),QIF-w-4
Parse Accuracy (reference-less),3,3,correctness of error localization (1); parsing quality (1); recognition of referential ambiguity (1),QIG-w-1
Sequence Alignment Accuracy,2,2,alignment quality (1); gold alignment (1),QTC-w-5
Control over Complexity/Non-complexity (outputs as a whole),2,2,simplification (1); complexity level (1),QIF-w-1
Complete Word Matching,2,2,Consistency with gold next word (1); Correct pun word identification (1),QTC-w-3.1
Retrieval Accuracy,2,2,Retrieval accuracy (1); Memory Retrieval Accuracy (1),QTC-w-4
Output Size Relative to Input,2,2,adherence to length constraint (1); Reasoning Expansion (1),QIF-f-3
Similarity to Target Outputs (form),2,2,surface-level match (1); syntax similarity (1),QTG-f-1
"Absence of Omissions (relative to input, feature)",2,2,Level of details (1); Level of Details (1),QIF-c-1
Naturalness (content/meaning),2,2,Answer Plausibility (1); Keyword realism (1),QEG-c-1
Conversationality/Non-conversationality,1,1,Strength of conversational tone (1),QOF-w-4
Likelihood According to External Model,1,1,likelihood (1),QEF-w-9
Similarity/Dissimilarity to Input (form),1,1,Format Preservation (1),QIF-f-4
Speed of Understanding,1,1,Simulatability (1),QOG-w-5.1.1
Poeticness/Non-poeticness (content/meaning),1,1,Beauty of Meaning (1),QOF-c-2
Parse Accuracy (with references),1,1,antecedent basis (1),QTC-w-6
Performance of an Embedding/Downstream System/Component,1,1,human repair performance (1),QEG-w-8
Bias Inversion,1,1,stance opposition (1),QIF-w-3
