criterion,count
relevance,187
correctness,173
helpfulness,137
accuracy,111
Relevance,100
coherence,93
fluency,88
Correctness,83
Helpfulness,77
Coherence,67
Fluency,62
consistency,56
faithfulness,43
harmfulness,42
Accuracy,40
completeness,38
Consistency,37
level of detail,37
Completeness,36
Factuality,36
clarity,35
harmlessness,35
informativeness,35
Clarity,33
overall quality,33
factuality,32
safety,31
Informativeness,30
Safety,29
creativity,29
depth,28
Harmlessness,26
factual consistency,25
naturalness,24
Faithfulness,23
quality,23
factual correctness,22
Conciseness,20
Quality,20
conciseness,20
semantic equivalence,20
truthfulness,20
Creativity,19
readability,18
Overall Quality,17
preference,17
Hallucination,16
coverage,16
Empathy,15
Naturalness,15
Truthfulness,15
Depth,14
specificity,14
Overall quality,13
diversity,13
Coverage,12
Harmfulness,12
comprehensiveness,12
factual accuracy,12
Engagement,11
Specificity,11
appropriateness,11
instruction-following,11
precision,11
Comprehensiveness,10
Preference,10
complexity,10
engagement,10
semantic similarity,10
style,10
Complexity,9
Factual consistency,9
Overall,9
alignment,9
engagingness,9
grammar,9
grammaticality,9
logical consistency,9
usefulness,9
Appropriateness,8
Diversity,8
Groundedness,8
Honesty,8
Redundancy,8
efficiency,8
honesty,8
logical coherence,8
response quality,8
toxicity,8
understandability,8
Engagingness,7
Entailment,7
Instruction following,7
Level of detail,7
Logical Coherence,7
Novelty,7
Plausibility,7
adequacy,7
empathy,7
entailment,7
groundedness,7
hallucination,7
instruction following,7
Factual accuracy,6
Factual correctness,6
Hallucination detection,6
Instruction Following,6
Logical coherence,6
Personalization,6
Readability,6
Refusal,6
Toxicity,6
Understandability,6
content,6
contradiction,6
plausibility,6
redundancy,6
support,6
tone,6
topic relevance,6
Actionability,5
Contradiction,5
Factual Accuracy,5
Factual Consistency,5
Feasibility,5
Grammaticality,5
Insightfulness,5
Logic,5
Persuasiveness,5
Precision,5
Reasoning,5
Relevancy,5
answerability,5
difficulty,5
effectiveness,5
hallucination detection,5
information coverage,5
interestingness,5
logic,5
reasonableness,5
reasoning,5
recall,5
refusal,5
semantic coherence,5
semantic consistency,5
soundness,5
structure,5
Alignment,4
Answer correctness,4
Answerability,4
Believability,4
Context Relevance,4
Factual Correctness,4
Goal Completion,4
Grammar,4
Grammatical correctness,4
Instruction adherence,4
Interestingness,4
Knowledge,4
Language Fluency,4
Level of Detail,4
Omission,4
Planning,4
Recall,4
Relationship,4
Richness,4
Semantic consistency,4
Similarity,4
Structure,4
Style,4
Understanding,4
User Satisfaction,4
Verbosity,4
Verifiability,4
actionability,4
authenticity,4
code correctness,4
confidence,4
credibility,4
detailedness,4
fairness,4
grammatical correctness,4
originality,4
persuasiveness,4
policy violation,4
preference alignment,4
semantic relevance,4
similarity,4
verbosity,4
Adherence to instructions,3
Agreeableness,3
Authenticity,3
Breadth,3
Comforting,3
Compliance,3
Comprehension,3
Confidence,3
Constraint satisfaction,3
Detail,3
Detailedness,3
Error type,3
Expression,3
F1,3
Financial and Material Benefits,3
Format compliance,3
Guidance,3
Hallucinations,3
Human-likeness,3
Identification,3
Informative,3
Instruction Adherence,3
Instruction-following,3
Logical reasoning,3
Meaningfulness,3
Neutrality,3
Openness,3
Originality,3
Reasoning Quality,3
Relevant,3
Response Quality,3
Response quality,3
Satisfaction,3
Secret,3
Significance,3
Social Rules,3
Soundness,3
Step correctness,3
Supported,3
Sycophancy,3
Translation quality,3
Usefulness,3
Validity,3
answer correctness,3
attribution,3
citation correctness,3
citation precision,3
citation recall,3
coherency,3
context relevance,3
continuity,3
emotional intensity,3
error severity,3
error type,3
factualness,3
formality,3
format,3
goal relevance,3
hallucination rate,3
intent alignment,3
language correctness,3
logical correctness,3
logical flow,3
match,3
meaning preservation,3
omission,3
overall,3
overall score,3
professionalism,3
realism,3
reasoning quality,3
robustness,3
semantic accuracy,3
semantic alignment,3
sentence structure,3
sentiment consistency,3
simplicity,3
step correctness,3
surprise,3
validity,3
AI Coordination,2
Acceptability,2
Adaptability,2
Adequacy,2
Analytical Depth,2
Answer Correctness,2
Answer Relevance,2
Anthropomorphism,2
Attributability,2
Bias,2
Character Consistency,2
Character Fidelity,2
Coherence and Organization,2
Coherent,2
Cohesion,2
Cohesiveness,2
Concise,2
Conflict detection,2
Conscientiousness,2
Content,2
Content accuracy,2
Content correctness,2
Content relevance,2
Contextual Understanding,2
Corrigibility,2
Cultural Relevance,2
Detail Orientation,2
Distinguishability,2
Effectiveness,2
Efficiency,2
Emotional Expression,2
Emotional Impact,2
Emotional Support,2
Empowerment,2
Error identification,2
Error location,2
Extraversion,2
Givenness,2
Grounding,2
Harmful content,2
Helpful,2
Humanness,2
Humanoid,2
Humor,2
Inclusion,2
Information,2
Information Accuracy,2
Information Richness,2
Innovativeness,2
Intent,2
Interest,2
Interesting,2
Irrelevance,2
Irrelevant,2
Language Use,2
Likeable,2
Linguistic Acceptability,2
Logical consistency,2
Logicality,2
Maintains Context,2
Math,2
Metacognition,2
Myopic Reward,2
Neuroticism,2
Neutral,2
Object presence,2
Organization,2
Overall Score,2
Overall score,2
Perplexity,2
Personality,2
Politeness,2
Proactivity,2
Procedure,2
Progressiveness,2
Question answering,2
Reasonableness,2
Relatedness,2
Relevance and Focus,2
Reliability,2
Repetitiveness,2
Robustness,2
STEM,2
Security,2
Semantic Equivalence,2
Semantic Similarity,2
Semantic accuracy,2
Semantic coherence,2
Semantic similarity,2
Sensitivity,2
Sentiment,2
Stability,2
Step Correctness,2
Storyline Quality,2
Structural Alignment,2
Subjectivity,2
Sufficiency,2
Surprise,2
Survival Instinct,2
Task Success,2
Technical Accuracy,2
Theory of Mind,2
Topic Relevance,2
Topicality,2
Utility,2
Visualization Quality,2
Writing,2
actionable,2
adherence,2
alignment with user profile,2
ambiguity,2
answer accuracy,2
aspect coverage,2
attractiveness,2
citation quality,2
citation support,2
coding,2
cohesiveness,2
color,2
compliance,2
comprehensibility,2
constraint compliance,2
constraint satisfaction,2
content alignment,2
content completeness,2
content preservation,2
content relevance,2
contextual consistency,2
contextual relevance,2
contextual understanding,2
convincingness,2
correct,2
correctness of generated answers,2
correctness of reasoning steps,2
decisiveness,2
entity correctness,2
error detection,2
error identification,2
ethics,2
extraction,2
factual alignment,2
factual support,2
fair,2
fear,2
feasibility,2
fidelity,2
final answer correctness,2
format adherence,2
hallucination presence,2
hallucinations,2
harm,2
humor,2
image quality,2
impact,2
incorrectness,2
information completeness,2
information extraction,2
information quality,2
inquisitiveness,2
insightfulness,2
instruction adherence,2
instruction compliance,2
instruction_following,2
jailbreak success,2
layout,2
likability,2
linguistic fluency,2
logical structure,2
logicality,2
match to ground truth,2
math,2
mathematical correctness,2
meaningfulness,2
misunderstanding,2
neutral,2
non-hallucination,2
novelty,2
organization,2
overall satisfaction,2
personalization,2
personalization quality,2
perspective,2
policy compliance,2
practicality,2
privacy awareness,2
privacy protection,2
rationality,2
reasoning process,2
refusal behavior,2
relation correctness,2
relevance to query,2
representativeness,2
richness,2
roleplay,2
salience,2
sci-fi elements,2
score,2
semantic adequacy,2
semantic appropriateness,2
semantic correctness,2
semantic match,2
sentiment,2
sentiment polarity,2
sufficiency,2
supportiveness,2
text quality,2
thematic relevance,2
thoroughness,2
topic depth,2
type relevance,2
verifiability,2
verification accuracy,2
win rate,2
writing,2
3-tier error classification,1
A3 RECOGNITION,1
ACTION,1
AD ACCEPTABILITY,1
AD CONSISTENCY,1
AD PERFORMANCE ESTIMATION,1
AD SIMILARITY,1
AFFECTIVE APPEALS,1
AI-generated vs human-written classification,1
API call correctness,1
APPROPRIATENESS,1
ASR,1
Absence of Hallucinations,1
Absence of refusal in response,1
Absent,1
Abstention behavior acceptability,1
Abstention correctness,1
Abusing of Clauses,1
Academic Formality,1
Acceptable (3 ≤ score < 6),1
Acceptable Output Structure Variations,1
Accounting for Multiple Rows,1
Accuracy and Depth,1
Accuracy and Resources,1
Accuracy assessment,1
Accuracy in evaluating response,1
Accuracy of factual content,1
Accuracy of modifications,1
Accuracy of soccer events,1
Accuracy-Answer,1
Accuracy-Evidence,1
Accurate reflection of fact,1
Acknowledgment,1
Acknowledgment of Knowledge Gaps,1
Action Execution,1
Action presence,1
Actionable Insights,1
Actions clarity,1
Active Listening,1
Active listening,1
Actor roles,1
Adaptive-Imitativeness,1
Adaptiveness,1
Addressing issues,1
Adhered,1
Adherence to CLAS usage guidelines,1
Adherence to Guidelines,1
Adherence to Prompt,1
Adherence to evaluation criteria,1
Adherence to format requirements,1
Adherence to prompt and instructions,1
Adherence to rubric,1
Adherence to rubric points,1
Aesthetic Characteristics,1
Aesthetic Quality Score,1
Aesthetics,1
Affective Bond,1
Affective Improvement,1
Affirmative,1
Aggressiveness,1
Agree,1
Agreement,1
Agreement with human judgments,1
Agreement with narrative,1
Algebraic Manipulation,1
Algorithmic logic correctness,1
Align,1
Alignment and Layout,1
Alignment with MI Principles,1
Alignment with Per-sample Criteria,1
Alignment with character/user traits,1
Alignment with clinical needs,1
Alignment with desired outcomes,1
Alignment with formula,1
Alignment with ground truth figure,1
Alignment with human preferences,1
Alignment with human rationales,1
Alignment with initial conversational intent,1
Alignment with personal preference,1
Alignment with premise,1
Alignment with reference answer,1
Alignment with requirements,1
Alignment with source document,1
Alignment with task instruction,1
Alignment with user goals,1
Alignment with user intent,1
Alignment with user profile,1
Ambiguity Reduction,1
Ambiguity Resolution,1
Analysis of multiple meanings,1
Analytical correctness,1
Anchor Relevance,1
Anglocentrism,1
Annotation,1
Answer Compatibility,1
Answer Faithfulness,1
Answer Groundedness,1
Answer Leakage,1
Answer Match,1
Answer Plausibility,1
Answer Relevancy,1
Answer accuracy,1
Answer alignment,1
Answer item extraction,1
Answer item mapping,1
Answer match,1
Answer terseness,1
Answer uses context,1
Applicability,1
Applicability of value principles to scenarios,1
Application of specified playwriting techniques,1
Approach,1
Argument Arrangement,1
Argument Clarity,1
Argument Quality,1
Argument alignment,1
Arguments against,1
Arguments in favor,1
Article style,1
Assess Readiness for Insight,1
Assessment Effectiveness,1
Assistant Interaction Quality,1
Assistant Outcome Quality,1
Association of attributes with demographic groups,1
Assumption validity,1
Atomic fact presence,1
Attention to detail,1
Attribute,1
Attribute Accuracy,1
Attribution,1
Attribution Failure,1
Avoid Generic Responses,1
Avoidance of interference from irrelevant documents,1
Avoidance of unnecessary or incorrect interpretations,1
Avoidance of unwarranted generalizations,1
Axes and Stats,1
BEL,1
BFI dimension scores,1
Background and Colors,1
Backtracking,1
Backward Chaining,1
Balanced judgment,1
Beauty of Form,1
Beauty of Meaning,1
Beauty of Sound,1
Behavior classification accuracy,1
Behavioral Accuracy,1
Behavioral Coherence,1
Benefit presence,1
Bias and Discrimination,1
Bias presence,1
Bias type,1
Biased attribution,1
Biasness,1
Binary correctness,1
Bingo detection,1
Body Behavior Awareness (BBA),1
Brainstorm and Evaluate Options,1
Brand Identity Score,1
Broadening discussion,1
Brush and Ink Skills,1
Bug fixing score,1
Bullet point numbering,1
Bullet point usage,1
C1: Contains irrelevant content,1
C2: Introduces indirect factual or inferential knowledge,1
C3: Eliminates incorrect options,1
"C4: Indicates, supports, or analyzes the correct answer",1
COHERENCE,1
COHESION,1
CONCISENESS,1
CTA Effectiveness,1
Calculation correctness,1
Calculation error,1
Calculation errors,1
Calculation/Comprehension,1
Calculator Error,1
Carry-over correctness,1
Categorization Threat,1
Category Alignment,1
Category Clarity,1
Causality Significance,1
Certainty Shift (CS),1
Chain-of-Thought reasoning presence,1
Character,1
"Character (names, actions, emotions)",1
Character Behavior,1
Character Development,1
Character Utterance,1
Characters,1
Chart Correctness,1
Chart Type,1
Chat,1
Chat capabilities,1
Checklist Correctness,1
Choice agreement,1
Chronology,1
Citation Accuracy,1
Citation F1,1
Citation Precision,1
Citation Recall,1
Citation identification,1
Civil Language,1
Claim support,1
Clarification,1
Clarify the Desired Change,1
Clarity and Coherence,1
Clarity of Expression,1
Clarity of Viewpoint,1
"Clarity, Cohesion, and Language",1
Classism,1
Cleanliness,1
Clear and Concise Language,1
Client empowerment,1
Clinical accuracy,1
Clinical meaningfulness,1
Clinical relevance,1
Closeness,1
Closure,1
Code Clarity,1
Code Comments,1
Code Correctness,1
Code Execution,1
Code Exist,1
Code Generation,1
Code Quality,1
Code correctness score based on error severity,1
Code snippet position,1
Code snippet presence,1
Cognition Reframing,1
Cognitive Restructuring,1
Cognitive driver analysis,1
Cognitive suitability,1
Coherence in long-form writing,1
Coherence of reasoning logic,1
Coherency,1
Collaboration,1
Color,1
Comment inclusion,1
Common Strengths,1
Common Weaknesses,1
Commonsense,1
Communication,1
Communication Clarity,1
Communication Skills,1
Communication effectiveness,1
Comparator factuality,1
Competence Threat,1
Complete,1
Complete Goal,1
Complete Response,1
Completeness of Essential Features,1
Completeness of Instruction Following,1
Completeness of requirements,1
Completeness of variable assignment,1
Completion,1
Complexity of Claims,1
Complexity of Code,1
Compliance with Constitutional Principles,1
Compliance with facts,1
Compliance with policy-violating instruction,1
Comprehensibility,1
Comprehensiveness & Diversity,1
Concept coverage,1
Concept incorporation,1
Conceptual Accuracy,1
Conceptual Alignment,1
Conceptual Clarity,1
Conceptual Depth,1
Conciseness and Precision,1
Conclusion Accuracy,1
Condition satisfaction,1
Confabulation presence,1
Confidence Appropriateness,1
Confidence in Matching,1
Conflicting Error,1
Connection,1
Conservatism Injection,1
Consistency & coherence,1
Consistency in Terminology,1
Consistency in applying criteria,1
Consistency with UNSAT-core,1
Consistency with gold next word,1
Consistency with ground truth,1
Consistency with original text,1
Consistency with specified genders,1
Consistency with visual evidence,1
Constraint Satisfaction,1
Constructive Support,1
Constructive Value,1
Constructiveness,1
Content Consistency,1
Content Coverage,1
Content Relevance,1
Content Richness,1
Content alignment,1
Content completeness,1
Content quality,1
Content richness,1
Context Concision,1
Context Fidelity,1
Context Integration,1
Context Maintenance,1
Context Misdirection,1
Context Precision,1
Context Recall,1
Context Relevancy,1
Context clarification,1
Context misunderstanding,1
Context-based meaning error,1
Contextual Awareness (CA),1
Contextual Coherence,1
Contextual and Legal Understanding,1
Contextual appropriateness of data sharing,1
Contextual consistency,1
Contextual dependency,1
Contextual logic,1
Contextual relevance of each response across turns,1
Contextual understanding,1
Contradict,1
Contradiction detection,1
Contradictions in present and previous messages,1
Contradictory,1
Contradictory Hallucination,1
Contribution,1
Contribution to user tasks,1
Conversation revision quality,1
Conversation-level SE attempt detection,1
Conversational Flow (CF),1
Coordinates accuracy,1
Copywriting Quality,1
Core Contributions,1
Core Knowledge Coverage,1
Core metric capabilities,1
Coreference,1
Correct,1
Correct Answer Depth of Understanding,1
Correct Answer Occurrence,1
Correct Filtering Conditions,1
Correct answer,1
"Correct behavior type (direct answer, tool call, follow-up question, unable to answer)",1
Correct identification and correction of known knowledge errors (KKE),1
Correct pun word identification,1
Correct reasoning driving safety prediction,1
Correct use of persuasive strategy,1
Correction guidance,1
Correctness (acceptability),1
Correctness and Fidelity,1
Correctness of Action,1
Correctness of Claims,1
Correctness of Code,1
Correctness of Information,1
Correctness of SQL results,1
Correctness of Yes/No/Maybe responses,1
Correctness of convergence/divergence prediction,1
Correctness of description-concept mapping,1
Correctness of disease diagnosis,1
Correctness of drug recommendation,1
Correctness of function calls,1
Correctness of legal article references,1
Correctness of the response,1
Counterfactual,1
Coverage of Diverse Values,1
Creation,1
Creative,1
Creativity and Reasonableness,1
Credibility of Evidence,1
Critical Thinking,1
Cross passage consistency,1
Cross-Sentence Coreference Resolution,1
Cultivating Change Talk,1
Cultural Appropriateness,1
Cultural Awareness,1
Cultural Behavior,1
Cultural Conflict Management,1
Cultural Discrepancy,1
Cultural Knowledge,1
Cultural adherentness,1
Cultural alignment,1
Cultural appropriateness,1
Cultural inappropriateness,1
Cultural relevance,1
Cultural understanding & adaptation,1
Culture and History,1
Curiosity,1
Dangerousness,1
Data Accuracy,1
Data type conformity,1
Date Errors,1
Deception level,1
Decisiveness,1
Deep Implications,1
Deepens Metacognition,1
Deficient label (yes/no),1
Degree of support for the specified action,1
Demographic subcategory identification,1
Demonstrations,1
Denial,1
Depth & Essentiality,1
Description Correctness,1
Description Relevance,1
Descriptiveness,1
Design,1
Detail Level,1
Detail and Depth,1
Detail level of unsafe content,1
Details,1
Development and Support,1
Diagnostic Ability,1
Diagnostic and Treatment Abilities,1
Dialogue Naturalness,1
Dimension-wise completeness,1
Direct addressal of prompt,1
Directionality,1
Directive Support,1
Directness,1
Directness of answer,1
Disagree,1
Disagreement,1
Disagreement with narrative,1
Discourse consistency,1
Discrimination,1
Disparagement,1
Disregard for changes in user emotions,1
Distinctness,1
Distractor Common Mistakes,1
Distractor presence,1
Diverse,1
Domain Compliance,1
Domain Knowledge,1
Domain-specific expertise,1
EVIDENCE,1
Easy to Learn,1
Edge Cases and Optimization,1
Edit action type accuracy,1
Edit consistency,1
Educational Value,1
Effectiveness of SQL Injection,1
Egocentric Thinking,1
Elaboration,1
Element Layout,1
Emotion,1
Emotional Alignment,1
Emotional Appeal,1
Emotional Appropriateness,1
Emotional Resonance,1
Emotional Validation,1
Emotional arousal,1
Emotional nuances,1
Empathetic Tone,1
Empathic Understanding,1
Empathy and Respect,1
Empowering,1
Encouragement,1
Encouragement of Emotional Expression,1
Encourages Active Learning,1
Encouraging,1
Encouraging Critical Thinking,1
Encouraging Self-Exploration,1
Ending,1
Engaging,1
Engaging Narrative,1
Enjoyment and Engagement,1
Ensure Readiness and Collaboration,1
Entailment of ground-truth answers,1
Entity Error,1
Entity extraction,1
"Environment (scenes, objects, events)",1
Equivalence,1
Error Analysis,1
Error Correction,1
Error Detection,1
Error Identification,1
Error Type,1
Error Type Classification,1
Error correction attempt and accuracy,1
Error detection,1
Error detection accuracy,1
Error guidance quality,1
Error identification attempt and accuracy,1
Error level acceptability,1
Error severity,1
Error severity (minor/major),1
Error spans,1
Errors,1
Errors in output,1
Errors that significantly alter the meaning of the image,1
Essay Quality based on Rubric,1
Establish a Trusting Foundation,1
Ethical Concerns,1
Ethical Considerations,1
Ethical principles prioritization,1
Ethical violation,1
Ethicality,1
Ethics,1
Ethos,1
Evaluation criteria (detailed in Appendix A.1.1),1
Event order consistency,1
Evidence,1
Evidence Inference factuality,1
Evidence Support,1
Evidence attribution,1
Exact match,1
Example Generation,1
Example Usage,1
Exclusion,1
Exclusion of unsupported claims,1
Executable,1
Expectation Fulfillment,1
Experience,1
Expertise,1
Explainability and Reasoning,1
Explanation of deficiency,1
Explanation quality,1
Explicit,1
Explicit reasoning steps,1
Explicitness of Changes,1
Exploration of Thoughts and Narratives,1
Expression Diversity,1
Expression Style,1
Expression accuracy,1
Expression of doubt or refusal for unknown knowledge errors (UKE),1
External tools,1
Extraction,1
Extraneous load,1
FIAS interaction categories,1
FIN,1
Fact,1
Fact Authenticity,1
Fact Correctness,1
Fact and Trivia,1
Fact entailment across languages,1
Factors contributing to mental health deterioration,1
Factual Alignment,1
Factual Validity,1
Factual alignment,1
Factual contradiction,1
Factuality and creativity,1
Failed instruction following,1
Fairness and Responsibility,1
Faithful reflection of input,1
Faithfulness and correctness (for summarization),1
Faithfulness/Consistency,1
Fallacious premise match,1
Fallacy class match,1
False Acceptance Rate (FAR),1
False Concatenation,1
False Reject Rate (FRR),1
Falsification,1
Fear,1
Feedback Effectiveness,1
Feedback common points,1
"Feedback roles (similar, complementary, conflicting, unrelated)",1
Feedback seeking,1
Fidelity,1
Field Misinterpretation,1
Final answer correctness,1
Final answer formatting,1
Fine-grained emotion labels (27 categories),1
Fit to prompt (best vs worst),1
Fitting,1
Fix effectiveness,1
Flexibility,1
Flexible,1
Fluency/Grammaticality,1
Focus,1
Focus Score,1
Follow-up,1
Follows User Query,1
Fonts and Dimensions,1
Forecasting,1
Format Compliance,1
Format Preservation,1
Format adherence,1
Format correctness,1
Formula correctness,1
Formula selection,1
Forward-Compatibility,1
Frame-related Questions,1
Framing dimensions,1
Free-text Similarity,1
Friendliness,1
Fulfillment,1
Full Compliance,1
Full Refusal,1
Full compliance,1
Full refusal,1
Full support,1
Functional correctness,1
Functional similarity,1
Functionality,1
GA,1
GM,1
GOAL,1
GRAMMATICALITY,1
Game termination condition,1
Gender bias,1
Gender inflection accuracy,1
Gender representation consistency,1
General equivalence,1
General generation quality,1
Generalizability,1
Genre similarity,1
Germane load,1
Gesture Appropriateness,1
Gibberish,1
Global Structure,1
Goal,1
Goal completion,1
Goal purpose understanding,1
Good (≥ 6),1
Grammar & linguistics,1
Grammatical Correctness,1
Grammatical fluency,1
Graph Coherence,1
Grid consistency,1
Groundedness of generated answer,1
Grounding & Specificity,1
Guessing detection,1
Guided Discovery,1
Guided Questioning,1
Hallucination Rate,1
Hallucination awareness,1
Hallucinatory Knowledge,1
Handling Ambiguity,1
Handling of Nullable Columns,1
Happiness,1
Harm category prediction,1
Harm reduction strategy alignment,1
Harmful behavior,1
Harmful content detection,1
Harmless,1
Head activity (active/inactive),1
Help-Seeker Standard,1
High Risk,1
History Taking Ability,1
Honest,1
Honorific correctness,1
Human likeness identification,1
Human preference,1
Human vs AI detection accuracy,1
Human-Centered Communication,1
Human-Likeness,1
Humanistic Care,1
Humanities,1
Hurtfulness,1
Hyperbole,1
Ideas and Analysis,1
Ideas/themes,1
Identification of contamination errors,1
Identification of hidden benefactor,1
Ideological alignment (liberal vs conservative),1
Ignorance of user requests to advance storyline/deepen relationships,1
Illegal Activities,1
Illegal activities,1
Image Groundedness,1
Image-text consistency,1
Imitativeness,1
Immersion,1
Immersion and Setting,1
Impact,1
Implausible Error,1
Implementation correctness,1
Implicit,1
Implicit Information Inference,1
Inaccuracy,1
Inappropriate sexual content,1
Inclusion in pre-training data,1
Inclusiveness,1
Incoherence,1
Incoherent Steps Error,1
Incomplete fact detection,1
Incompleteness type,1
Incorrect,1
Incorrect Ground Truth Detection,1
Incorrect event logical reasoning,1
Independent,1
Inference correctness,1
Inference from context,1
Information Completeness,1
Information Density,1
Information Sharing,1
Information content,1
Information coverage,1
Information provision,1
Information reasoning accuracy,1
Informational,1
Informational consistency,1
Inherit characteristics,1
Innovation & Uniqueness,1
Innovative Moments,1
Insight,1
Inspiring,1
Instruction Fulfillment,1
Instruction Quality,1
Instruction relevance,1
Instruction satisfaction,1
Instruction-following Quality,1
Instruction-following ability,1
Instruction-following capability,1
Instructional Adaptation Effectiveness,1
Integration,1
Integration of Personalized Elements,1
Intent Accuracy,1
Intent Alignment,1
Intent label alignment,1
Inter-Document Relationships,1
Interaction,1
Interaction Appropriateness,1
Interaction Style Similarity,1
Interaction/Action Accuracy,1
Interactive Engagement,1
Interactivity,1
Interest Level,1
Interest Score,1
Interest generation,1
Intermediate Error Detection,1
Intermediate calculations,1
Intermediate step correctness,1
Internal Consistency,1
Internal consistency,1
Interpersonal Effectiveness,1
Interpretability,1
Intervention factuality,1
Intrinsic confidence,1
Intrinsic load,1
Issue Clarification,1
Issue spotting,1
Item Errors,1
Jailbreak Resistance,1
Jailbreak success,1
Jargon,1
Journalistic Ethics,1
Justification with Evidence,1
KNO,1
Key point coverage,1
Keyword coverage,1
Keyword realism,1
Knowledge Accuracy,1
Knowledge Acquisition,1
Knowledge Correctness,1
Knowledge Recall,1
Knowledge Usage,1
Knowledge accuracy,1
Knowledge coverage,1
Knowledge groundedness,1
Knowledge grounding,1
Knowledge-Accuracy,1
Knowledge-Exposure,1
Knowledge-Hallucination,1
Knowledgeability,1
LCS Ratio,1
LGBTQ+ Inclusiveness,1
LGBTQ+ Support Networks,1
Lack,1
Lack of ambiguity,1
Language,1
Language Alignment,1
Language Correctness,1
Language Expression,1
Language Quality,1
Language Relevance,1
Language Usage,1
Language accuracy,1
Language and Delivery,1
Language and Rhetoric,1
Language correctness,1
Language fluency,1
Language quality,1
Layout description accuracy,1
Layout positional correctness,1
Layout structure,1
Learning Objective Achievement Effectiveness,1
Legal Consistency,1
Legal violation,1
Length bias,1
Lesion Features,1
Level of Details,1
Level of details,1
Limitations,1
Line-breaking,1
Linguistic Clarity,1
Linguistic Coherence,1
Linguistic Correctness,1
Linguistic Quality,1
Linguistic requirements,1
Linking Verb Structure Significance,1
Literal words,1
Literary devices,1
Literature Review,1
Local Structure,1
Locale convention,1
Localization quality,1
Location disclosure at specified granularity,1
Logic and Structure,1
Logical Consistency,1
Logical Correctness,1
Logical Flow,1
Logical Negation,1
Logical Relevance,1
Logical Soundness,1
Logical Validity,1
Logical correctness,1
Logical progression,1
Logical soundness,1
Logical validity,1
Logical validity of reasoning trace,1
Logicality of Argumentation,1
Logically Consistent,1
Logo Placement Score,1
Logos,1
Long dependency,1
Long-Range Relational Dependency,1
Long-form Generation,1
Main Issues,1
Maintain differences,1
Maliciousness detection,1
Management,1
Manner,1
Match of main difference,1
Mathematical Correctness,1
Mathematical Integrity,1
Mathematical calculation,1
Mean,1
Meaning Accuracy,1
Meaning Preservation,1
Meaning alteration,1
Meaning preservation,1
Medical Interviewing Skills,1
Medical factuality,1
Meeting User Needs,1
Memorability,1
Memorization,1
Memory Retrieval Accuracy,1
Mental Status,1
Meta-review matching,1
Meta-review usefulness,1
Mind Feelings Awareness (MFA),1
Minimal invasiveness,1
Minimality,1
Misleading,1
Missed function or parameters,1
Missing fact detection,1
Missing information,1
Missing relation type,1
Missing step,1
Mistake identification,1
Mistake location,1
Modality Grounding,1
Moral Reasoning,1
Moral rationale presence and relevance,1
Moral reasoning,1
Morality Threat,1
Morphological features,1
Motion Understanding,1
Motivates and Stimulates Student Curiosity,1
Motivational Interviewing (CEMI),1
Motivational consistency,1
Multi-turn Context,1
Multilingualism,1
Multimodal pragmatic safety classification,1
Multiple Answers Available,1
NPOV,1
Narrative Quality,1
Narrativity,1
National interest prioritization,1
Natural,1
Necessity alignment,1
Negative,1
Negative Helper Evaluations,1
Neglecting the context,1
Neither,1
Nested function calls,1
Neutral Tone,1
Neutral inference,1
New Information Introduced (NII),1
New Label Validity,1
No Discrepancy,1
No Duplicate Steps,1
No Fact,1
No Hallucination,1
No Missing Steps,1
No Redundant Steps,1
No Repetition,1
No stance,1
No support,1
No-Additions,1
No-Omissions,1
Node Relevance,1
Noisiness,1
Non-judgmental and Accepting Attitude,1
Non-overlap,1
Non-repetition,1
Non-rephrased content,1
Non-toxicity,1
Non-translation,1
Norm Alignment,1
Not Acceptable (< 3),1
Not Enough Info,1
Not Relevant,1
Not checkable,1
Not-supported,1
Nuance,1
Number Error,1
Numerical Accuracy,1
Numerical Errors,1
Numerical correctness,1
Object,1
Object Identification,1
Object similarity,1
Objectives,1
Offensiveness,1
On track,1
On-topic relevance,1
One Step Missing Error,1
Open-ended Questioning,1
Open-ended response scoring (0-10 scale),1
Opportunity Harm,1
Order Correct,1
Order consistency,1
Ordering,1
Organization Score,1
Original,1
Other,1
Other Error,1
Other Errors,1
Outcome factuality,1
Output Content Quality,1
Output Format,1
Output format compliance,1
Over-correction,1
Over-refusal,1
Overall Assessment,1
Overall Impression,1
Overall Judgment,1
Overall Persuasiveness,1
Overall Preference,1
Overall Social Intelligence,1
Overall Usefulness,1
Overall Winner,1
Overall assessment,1
Overall correctness,1
Overall explanation quality,1
Overall factual correctness,1
Overall quality (good opening speech),1
Overall response quality,1
Overall score (ultrafeedback-overall_score),1
Overall story quality,1
Overall trajectory quality,1
Overgeneralization,1
Oversimplification,1
PII leakage detection,1
PLAUSIBILITY,1
POI Relevance,1
Parameter Alignment,1
Parameter Extraction,1
Parameter mapping correctness,1
Partial Lie,1
Partial Progress,1
Partial Refusal,1
Partial credit allocation,1
Partial fact entailment,1
Partial refusal,1
Partial support,1
Partially Supported,1
Partially Supportive,1
Partnership,1
Past Tense Verb Significance,1
Path Granularity,1
Path reliability,1
Pathos,1
Patient Education,1
Patient-Centricity,1
Pedagogical Quality,1
Perceptual Quality,1
Persona-Behavior,1
Persona-Utterance,1
Personal Privacy,1
Personal and Sociocultural Circumstances,1
Personality Traits,1
Personality trait scores,1
Personalization & Empathy,1
Personalness,1
Perspective Deviation (PD),1
Persuasion techniques,1
Phonetic features,1
Physical reality alignment,1
Plagiarism detection,1
Plan Making,1
Plan quality,1
Planning quality,1
Plausible,1
Plausible Error,1
Plot,1
Plot and Structure,1
Plot consistency,1
Pluralistic Representation,1
Pluralistic values,1
Poeticity,1
Poeticness,1
Politeness Significance,1
"Politeness strategy labeling (positive politeness, negative politeness, off-record, bald-on-record)",1
Political Lean,1
Political leaning (Biden vs. Trump),1
Population factuality,1
Position addition correctness,1
Positioning inaccurate context,1
Positive/negative sentiment,1
Positivity,1
Potential,1
Potential to introduce new bugs,1
Practicality,1
Predictability of Outcome,1
Preference Ranking,1
Preference for plain statements,1
Preference for strengtheners,1
Preference for weakeners,1
Preference on response A or B or tie,1
Presence of Gesture,1
Presence of personally identifiable information,1
Presence of sensitive data,1
Presence of stereotype or counter-stereotype text spans,1
Presentation,1
Presentation Quality,1
Preservation of necessary information,1
Privacy,1
Privacy Respect,1
Privacy leakage,1
Privacy violation detection,1
Problem Complexity,1
Problem breakdown,1
Problem-Solving,1
Problem-solving relevance,1
Problematic Content,1
Processing,1
Professional expertise,1
Professional terminology,1
Professional tone,1
Professionalism,1
Proficiency,1
Profile coverage,1
Programming language,1
Prompt hacking technique classification,1
Providing guidance,1
Q,1
QUALIFIERS,1
Quality (good/bad),1
Quality improvement,1
Quality of generated responses,1
Quality preservation,1
Quantitative Evidence Presence,1
Quantitative Information,1
Question Clarity,1
Question Concluding,1
Question Relevance,1
Question answering accuracy,1
Question validity,1
Question&Answer Consistency,1
Question&Answer Difficulty,1
Question&Answer Relevance,1
Questioning Effectiveness,1
Questioning Skills,1
REASON,1
REL,1
RR,1
Racism,1
Ranking correctness,1
Rationale Localization,1
Rationale alignment,1
Rationale for decision,1
Real Knowledge,1
Real-world Application,1
Realism,1
Realistic Threat,1
Reasonable,1
Reasonableness of descriptions,1
Reasonableness of the explanation,1
Reasoning Aggregation,1
Reasoning Correctness,1
Reasoning Effective Info Inclusion,1
Reasoning Error,1
Reasoning Evidence-Based Reasoning,1
Reasoning Expansion,1
Reasoning Initialization,1
Reasoning Integrity,1
Reasoning Level,1
Reasoning Logical Flow,1
Reasoning Path Quality,1
Reasoning Usefulness,1
Reasoning coherence,1
Reasoning completeness,1
Reasoning correctness,1
Reasoning depth,1
Reasoning errors,1
Reasoning proficiency,1
Reasoning quality,1
Reassuring,1
Recipient roles,1
Recognition of alternative correct solutions,1
Reconnecting,1
Reconstruction-necessity,1
Redundant information,1
Reference Correctness,1
Reference error,1
Reference object usage,1
Refinement,1
Reflection Efficiency,1
Reflection of Pluralistic Perspectives,1
Reflectiveness,1
Refusal Detection,1
Refusal behavior,1
Refusal detection,1
Refusal to generate harmful content,1
Refusal type classification,1
Refusal vs. compliance,1
Refusal/Compliance,1
Refusal/abstention,1
Regression risk,1
Relatedness (instruction following),1
Relatedness to ground truth,1
Relational,1
Relationship Type,1
Relevance of Changes,1
Relevance of retrieved knowledge,1
Relevance to context,1
Relevance to query,1
Relevance to standard answer,1
Relevance to task,1
Relevance to the Task,1
Relevant recommendations,1
Religious Injection,1
Repair correctness,1
Repetitions between current and history replies,1
Representation of Values,1
Reproducibility,1
Reproduction capability,1
Required Skill Level,1
Requirement priority fulfillment,1
Resolution,1
Respects Guided Questions,1
Responding,1
Response,1
Response Completeness,1
Response Correctness,1
Response correctness,1
Response diversity and integrity,1
Response to Feedback,1
Restricted information,1
Retrieval accuracy,1
Revealing of the answer,1
Rewards,1
Rhetoric,1
Rhythm and form (for poems),1
Risk classification accuracy,1
Role Choice,1
Role Knowledge,1
Role Language,1
Role Play,1
Role-Adherence,1
Role-Playing Consistency,1
Role-Set Awareness (RSA),1
Role-driven strategy iteration,1
Role-playing,1
Role-playing Accuracy,1
Roleplay,1
Rubric guidelines,1
Rule adherence,1
SCD,1
SCT,1
SCU presence,1
SEC,1
SMART goal-setting,1
SOC,1
STANCE CLARITY,1
STEM knowledge,1
STEM problem correctness,1
Safe with refusal,1
Safe with warning,1
Safe/unsafe classification,1
Safety (potential physical harm),1
Safety (safe vs unsafe),1
Safety (unsafe vs. safe),1
Safety Classification,1
Safety assessment,1
Safety compliance,1
Safety policy adherence,1
Salience,1
Satisfaction of individual constraints,1
Satisfy Constraint,1
Scarcity,1
Scarcity of diverse interaction contexts,1
Scenario Coherence,1
Scene text,1
Schema Alignment,1
Scientific Language Alignment,1
Score,1
Secondary error,1
Section Correctness,1
Security risk,1
Segment Quality,1
Self-contained,1
Self-harm,1
Self-reported Feelings,1
Semantic Accuracy,1
Semantic Completeness,1
Semantic Consistency,1
Semantic Correctness,1
Semantic Coverage,1
Semantic Entailment,1
Semantic Fidelity,1
Semantic Understanding Error,1
Semantic alignment,1
Semantic answer overlap,1
Semantic connectedness,1
Semantic correctness,1
Semantic coverage,1
Semantic equivalence,1
Semantic equivalence assessment,1
Semantic features,1
Semantic information,1
Semantic interpretability,1
Semantic match to reference answer,1
Semantic plausibility,1
Semantic quality,1
Semantic relevance,1
Semantic soundness,1
Semantics,1
Sensibleness,1
Sensing,1
Sensitive content,1
Sensitivity and Openness,1
Sentiment Shift (SS),1
Sentiment correctness,1
Sequence correctness,1
Session Outcomes,1
Severity of bias,1
Sexism,1
Short dependency,1
Sibling Granularity,1
Similarity assessment,1
Similarity between conversational tones,1
Simile Significance,1
Simple Language,1
Simplicity,1
Simulatability,1
Situation appropriateness,1
Skill,1
Skillfulness,1
Smooth and logically connected information flow,1
Snippet-level intent detection,1
Social Goal Completion,1
Social Harm,1
Social Norm Adherence,1
Social Norm Appropriateness,1
Social norm violation,1
Societal norms,1
Softening Sustain Talk,1
Solution quality,1
Solvability,1
Sophistication,1
Source Reliability,1
Spacing,1
Spatial Relations,1
Specificity in addressing identified issue,1
Specificity level,1
Speech-suitability,1
Spelling,1
Spelling and Grammar,1
Stabilization,1
Stance,1
Stance alignment,1
Standalone,1
Star Rating,1
Start Time Rationality,1
Stem,1
Step Type Classification,1
Step completeness,1
Step redundancy avoidance,1
Story-likeness,1
Storyline Consistency,1
Storytelling,1
Strategic information sharing,1
Strategy Use,1
Strength of conversational tone,1
Strengths and Weaknesses,1
Structural Coherence,1
Structural Format,1
Structural consistency,1
Structural correctness,1
Structural logic,1
Student understanding,1
Style Alignment,1
Style consistency,1
Style matching,1
Style transfer strength,1
Stylistic Coherence,1
Stylistic Shift (STS),1
Sub-Issues,1
Sub-question Answerability,1
Subchart Count,1
Subchart Position,1
Subchart Type,1
Subfigure counting accuracy,1
Subgoal Setting,1
Subjective characteristic quality,1
Subjective preference,1
Substantial similarity,1
Success,1
Succinctness,1
Sufficiency of detail,1
Suggestion,1
Suggestions,1
Suggestions for Improvement,1
Suitability for question type,1
Suitability for speech interaction,1
Summarization Quality,1
Supervisor,1
Support,1
Support for CTRL (entailment),1
Support for gold answer,1
Support of assertions,1
Support of claims,1
Supported/Contradicted/Undecided,1
Supportive,1
Supportive Details,1
Supportiveness,1
Surface-level Information,1
Surface-level consistency,1
Symbolic Threat,1
Syntactic features,1
System Performance,1
T1U,1
T2U,1
Target Audience Alignment,1
Target Relevance,1
Target language fit,1
Task Quality,1
Task Understanding,1
Task completion,1
Task dependency accuracy,1
Task performance,1
Task solving,1
Task success (binary),1
Teacher Tone,1
Technical Accuracy of Feature Linkages,1
Technical Depth,1
Technical correctness,1
Temporal,1
Temporal Comprehension,1
Temporal Error,1
Temporal Shift (TS),1
Temporal Understanding,1
Temporal coherence,1
Temporal reasoning,1
Terminology,1
Text,1
Text Quality,1
TextUtilization,1
Textual similarity,1
Themes,1
Therapeutic Alliance,1
Therapist Standard,1
Thoroughness,1
Time Schedule Relevance,1
Title and Summary,1
Token quantity,1
Tone & authorial voice,1
Tone and Style,1
Tool Relevance,1
Tool Usage,1
Tool selection accuracy,1
Topic Coverage,1
Topic Depth,1
Topic correctness,1
Total Score,1
Toxic language,1
"Toxicity (three-class: non-toxic, explicit toxic, implicit toxic)",1
Toxicity level,1
Trace-Answer Consistency,1
Transfer,1
Transformative,1
Transition Naturalness,1
Transition Quality,1
Translation accuracy,1
Treatment Ability,1
Trust-polarized collaboration,1
Trustworthiness,1
Truth,1
Tunisian Arabic Usage,1
Tutor tone,1
Uncertainty expression accuracy,1
Undecidable,1
Understandable,1
Unevaluatable,1
Unintelligible,1
Uniqueness,1
Unit Conversion,1
Unit correctness,1
Unsafe,1
Unsafe Category,1
Unsupported,1
Unverifiable Hallucination,1
Upvote Likelihood,1
Urban Elements/Scenes Understanding,1
Usability (CUQ),1
Use Gentle Challenges and Interpretations,1
Use of Knowledge,1
Use of TERMINATE,1
User Intention Inference,1
Uses Knowledge,1
Using Pedagogical Techniques,1
Utilization,1
Utilization of valuable documents,1
Utterance Knowledge,1
Valence,1
Validity of Reasoning,1
Value Implication,1
Value alignment,1
Values,1
Veracity Assignment,1
Verbalization,1
Verification,1
Video-Text Relevance,1
Violated,1
Violation details,1
Violation status,1
Violence,1
Virtual Knowledge,1
Visual Attributes,1
Visual Clarity,1
Visual Clutter,1
Visual Consistency,1
Visual Embellishment,1
Visual Faithfulness,1
Visual Grounding,1
Visual Relevance,1
Visual quality,1
Vocabulary Alignment,1
Vulnerability presence,1
Vulnerability type correctness,1
WORD CHOICE,1
Weakness identification,1
Well-formedness,1
Whether response answers the question,1
Win rate over backbone model,1
Win rates,1
Winnability,1
Working Alliance (WAI),1
World-Building and Setting,1
Writing Quality,1
Writing Style Consistency,1
Writing Style Similarity,1
Writing and Language,1
Wrong summarization,1
Xenophobia,1
ability to convey complex ideas,1
absence of abnormal language patterns,1
absolute difference to target,1
abstention detection,1
abstractness,1
academic,1
academic style improvement,1
acceptability,1
acceptable,1
accuracy and adequacy of correction,1
accuracy and consistency of emotion description,1
accuracy of capitalization,1
accuracy of citation style,1
accuracy of cognitive model components,1
accuracy of corrected solution,1
accuracy of treatment plan,1
accuracy of uncertainty expression,1
accurate diagnosis,1
accurate information,1
accurate parameters,1
accurate representation of source transcript,1
accurate role-related knowledge,1
action consistency,1
action correctness,1
action quality,1
activation prediction accuracy,1
ad negativity,1
adaptability,1
add missing conceptual nodes,1
additions,1
addresses question directly,1
addressing,1
adherence to constraints,1
adherence to educational objectives,1
adherence to instructions,1
adherence to intent constraints,1
adherence to legal principles,1
adherence to length constraint,1
adherence to prompt,1
adherence to realistic settings,1
advanced task,1
advancing,1
aesthetic appeal,1
aggregate article bias,1
aggressiveness,1
agreement level,1
agreement with narrative,1
agrees,1
algebra,1
algorithm efficiency,1
alignment of meanings,1
alignment quality,1
alignment with character's personality,1
alignment with cluster examples,1
alignment with correct answer,1
alignment with document,1
alignment with government narrative,1
alignment with ground truth,1
alignment with ground truths,1
alignment with human answer,1
alignment with human preferences,1
alignment with intended purpose,1
alignment with opposition narrative,1
alignment with rationale,1
alignment with requirements,1
alignment with retrieved evidence,1
alignment with user hint,1
alignment with user intent,1
alignment with visual observations,1
ambiguity reduction,1
ambiguous scope,1
analogy correctness,1
analysis completeness,1
analytical querying support,1
anger,1
angry tone,1
answer consistency,1
answer factual accuracy,1
answer quality preference,1
answer refusal,1
answer relevance,1
answer relevancy,1
answer support,1
answered,1
antecedent basis,1
anxiety,1
appropriate prescription,1
appropriate refusal,1
appropriateness of emotion prediction,1
argument completeness,1
argument quality,1
argument validity,1
argument-coherence,1
artistic style identification,1
ask-for-clarification,1
assessment of goal feasibility,1
assessment score,1
assistive value,1
attack detection,1
attack success,1
attack success (generation of target harmful response),1
attitude flow consistency,1
attributability,1
attribute controllability,1
attribute correctness,1
attribute relevance,1
attribution correctness,1
average,1
avoidance of false/fabricated information,1
avoidance of unrest,1
avoiding biased content,1
awareness of risk,1
awkwardness,1
background knowledge required,1
background similarity,1
balanced reasoning justification,1
baseless spans,1
behavior keyword correctness,1
behavioral abnormality detection,1
behavioral logic,1
belief confidence,1
beliefs consistency,1
benign vs malicious,1
bias,1
bias detection,1
bias ratio,1
binary error judgment,1
bio-entity match score,1
biography identification,1
biography usage,1
body language,1
body part detection,1
body size descriptions,1
bonus point coverage,1
booking correctness,1
brevity,1
built-in requirements,1
calculation accuracy,1
calculation correctness,1
caption diversity,1
catchphrase,1
causal connections,1
causal consistency,1
causality,1
causation detection,1
celebrity mentions,1
certainty level,1
challenge,1
challenge level,1
character,1
character consistency,1
character overlap,1
character strengths,1
character-level correspondence,1
characteristic phrases,1
chart types,1
check-worthiness,1
citation F1,1
citation relevance,1
citation standards,1
citation supportiveness,1
claim punctuation,1
claim structure,1
clarity and structure,1
clarity improvement,1
clarity of concepts,1
class correctness,1
class membership,1
classification confidence,1
clinical significance,1
closest option determination,1
co-reference resolution,1
code clarity and documentation,1
code readability,1
code-only output,1
coding correctness,1
coding standards,1
cognitive correctness,1
cognitive empathy,1
cognitive state labeling,1
cohesion,1
collectivism,1
collocation and register oversight,1
combinatorics,1
command-following ability,1
commented context,1
common sense,1
commonsense,1
commonsense alignment,1
commonsense consistency,1
commonsense logic,1
commonsense validation,1
comparison,1
complete,1
completeness of explanation,1
completeness of final answer,1
completeness of subquestion answers,1
complexity level,1
composition,1
composition score,1
comprehensive diversity,1
comprehensive symptom description,1
computational mistakes,1
conceptual clarity,1
conceptual depth,1
conceptual intent,1
conceptual mistakes,1
concision,1
condition identification quality,1
confidence assignment correctness,1
confidence in answer,1
confidence level,1
confidence scores,1
confirmation of claims,1
conflict,1
conflict detection,1
conflict resolution effectiveness,1
conflict spans,1
connotation polarity,1
consistency of answers,1
consistency with beginning,1
consistency with final answer,1
consistency with ground-truth answer,1
consistency with human judgments,1
consistency with human label,1
consistency with the guide,1
consistency with visual context,1
consistent role identity,1
constraint adherence,1
constraint extraction,1
constraint following,1
constraint fulfillment,1
constraint violation,1
constructiveness,1
content adequacy,1
content errors,1
content richness,1
content safety,1
content similarity,1
content suggestion,1
context attribution accuracy,1
context capture,1
context consistency,1
context memory,1
context precision,1
context supports answer,1
context understanding,1
contextual adequacy,1
contextual alignment,1
contextual appropriateness,1
contextual suitability,1
contextual-relevance,1
contradicted,1
contradiction validity,1
contribution of intermediate answers,1
controllability,1
convenience,1
conversation strategy,1
conversational insightfulness,1
conversational styles,1
conveyance of figurative meaning,1
cooperative,1
coordination detection,1
copyright compliance,1
correct answer,1
correct association,1
correct language,1
correct object support,1
correct option classification,1
correct order of tool calls,1
correct ordering,1
correct output language,1
correct risk identification,1
correct tool invocation,1
correction,1
correctly gendered,1
correctly_predicted_relations,1
correctness (yes/no),1
correctness of annotations,1
correctness of atomic facts,1
correctness of captions,1
correctness of error localization,1
correctness of explanation,1
correctness of filler positions,1
correctness of final answer,1
correctness of intermediate reasoning steps,1
correctness of proposition,1
correctness of results,1
correctness probability,1
correspondence,1
count,1
coverage of key points,1
covering objectives,1
creative problem-solving,1
criterion-1,1
criterion-3,1
cross-modal grounding,1
cross-turn reasoning,1
cultural alignment,1
cultural appropriateness,1
cultural relevance,1
cultural relevance and sensitivity,1
custom evaluation criteria,1
data,1
data accuracy,1
data-driven,1
deal achievement,1
decontextualization,1
defense success rate,1
definition accuracy,1
deflection,1
degree of diversity,1
degree of gender bias,1
depth and detail,1
depth of explanation,1
description,1
description accuracy,1
detail,1
detail richness,1
detection of object absence,1
detoxification preference,1
dialog act labels,1
dialogue acts,1
dialogue consistency,1
difficulty appropriateness,1
direct bias,1
direct fulfillment,1
disagreement with narrative,1
disambiguating,1
disambiguation accuracy,1
discrimination and prejudice,1
distance,1
distinctness,1
distractor efficiency,1
document support quality,1
document-topic alignment,1
domain adaptation,1
"domain category (web, code, academic, books, reference)",1
domain discovery,1
domain stability,1
donation willingness,1
earliest error location,1
edit actions,1
edit importance,1
educational value,1
effect on game state,1
effective treatment recommendation,1
effectiveness in addressing query,1
effectiveness in reaching the final answer,1
element accuracy,1
element inclusion,1
element referencing,1
eligibility,1
emoji,1
emotion accuracy,1
emotion provocation,1
emotion summary,1
emotional alignment,1
emotional context identification,1
emotional context understanding,1
emotional empathy,1
emotional engagement,1
emotional factors,1
emotional fit,1
emotional relevant information,1
emotional state progression,1
emotional states,1
emotional support,1
emotional support skills,1
emotional tone,1
emotionality,1
empathetic response,1
empathic similarity,1
empowerment,1
ending,1
enforces,1
engaging,1
entailed,1
entity linking accuracy,1
entity presence,1
environmental feasibility,1
episode labeling,1
equivalence,1
equivalence check,1
equivalent answer,1
error analysis,1
error categorization,1
error category,1
error category detection,1
error classification,1
error correction,1
error detection in stdout/stderr,1
error explanation,1
error location consistency,1
error reproduction,1
error span detection,1
"error spans (critical, major, minor, no-error)",1
error type consistency,1
error types,1
ethical concerns,1
ethnicity,1
event overlap,1
event summary,1
event type definition similarity,1
evidence,1
evidence grounding,1
evidence strength,1
exact answer match,1
exclusivity to target cluster,1
existence of visual concepts,1
expected language,1
explanation correctness,1
explanations for non-experts,1
explicit identification of different individuals,1
explicit rejection,1
expressiveness,1
extracurricular,1
facial expressions,1
fact extraction,1
fact omission,1
factual coherency between answer and ambiguous question,1
factual error types,1
factual errors,1
factual inaccuracies,1
factual inconsistency,1
factual knowledge,1
factual relevance,1
factual source,1
factual statements,1
factually correct,1
failure to generate correct response,1
fairness awareness,1
fairness bias,1
fairness compliance,1
faithful/hallu/irrelevant,1
faithfulness (rational/grounded/unequivocal),1
faithfulness to chat history,1
fallacy class consistency,1
false prediction,1
false prediction of finding,1
famous quotes,1
fascination,1
feature completeness,1
fee_waiver,1
feedback,1
"feedback polarity (positive, neutral, negative)",1
feedback quality,1
filter rationale correctness,1
first,1
first AI answer correctness,1
first AI answer option,1
first answer step detection,1
first user question near-exact rephrasing,1
first_gen,1
flexibility,1
focus on identity,1
focus on negative experiences,1
focus on transition,1
formal language,1
format compliance,1
format specification,1
format standardization,1
formation of complete multiple-choice question,1
formatting,1
formatting invariance,1
formula correctness,1
full coverage,1
functional correctness,1
functional equivalence,1
functionality correctness,1
gender identification,1
gender neutrality,1
general conversation skills,1
general reasoning,1
generalizability,1
generalizations,1
generalized information,1
generation quality,1
generative guidance,1
geometry,1
give legitimate advice,1
goal achievement,1
goal completion,1
goal_c,1
goal_p,1
gold alignment,1
good,1
good example,1
grammar and syntax,1
grammatical cohesion,1
grandstanding,1
granularity,1
granularity of detail,1
ground truth score,1
grounding relation (entail/contradict/irrelevant),1
groundness,1
guidance,1
hallucinated span identification,1
hallucination avoidance,1
hallucination level,1
hallucination robustness,1
hallucination severity,1
hallucination type,1
harm categories,1
harmful,1
harmfulness detection,1
harmfulness of response,1
hate speech classification label,1
hatefulness,1
headline political bias,1
healthy behaviors,1
hierarchical clarity,1
high primal belief evidence,1
hindered task,1
historical consistency,1
hobby,1
holistic,1
honestly/precisely/closely executes the instruction,1
human judgment correlation,1
human preference,1
human repair performance,1
human-centric alignment,1
human-like selection,1
human-like style,1
human-like tone,1
humanities,1
humanities/social science knowledge,1
humanness,1
humorous tone,1
hypothesis space accuracy,1
ideal,1
identification of explicit or implicit provision of instructions,1
identification of factual contradiction,1
identity contradiction,1
idiom translation,1
idiomaticity,1
image awareness,1
image coherence,1
image management,1
image-text matching,1
immersive,1
impactful,1
implicit bias,1
implicit offensiveness,1
importance,1
improper response,1
in-document verification,1
incitement of violence,1
inclusion of negative clinical details,1
inclusion of positive clinical details,1
incomplete_reasoning,1
inconsistency,1
inconsistent style,1
inconsistent_answer,1
incorrect,1
incorrect entities,1
incorrect location or position,1
incorrect location or position of finding,1
incorrect numbers,1
incorrect severity,1
incorrect severity of finding,1
incorrect_information,1
incorrect_reasoning,1
increased polarization,1
individualism,1
inefficiency,1
informal language,1
information accuracy,1
information addition,1
information comprehensiveness,1
information loss,1
information match,1
information novelty,1
information overlap,1
information quantity,1
information sufficiency,1
information update,1
information-mismatch,1
informativity,1
insightful,1
inspirational content,1
instruction alignment quality,1
instruction difficulty,1
instruction following ability,1
instruction following capability,1
instruction quality,1
instruction-following ability,1
instruction-following capability,1
instruction-specific dimensions,1
insults avoidance,1
integration of speaker characteristic,1
intent capture,1
intent consistency,1
intent verification,1
interaction actions,1
interaction friendliness,1
interest,1
interesting,1
intermediate step correctness,1
internal contradiction,1
interpersonal relationships,1
interpretability,1
intuitiveness,1
irrelevant,1
item difficulty,1
item discrimination,1
jailbroken,1
jokes,1
judgment of step correctness (Yes/No),1
knowledge,1
knowledge consistency,1
knowledge consolidation correctness,1
knowledge dimension,1
knowledge discovery quality,1
knowledge presence,1
knowledge relevance,1
knowledge-dependent answerability,1
label accuracy,1
label adherence,1
label flip detection,1
lack_justification,1
laconicity,1
language,1
language expression,1
language fluency,1
language quality,1
language repetition,1
language stability,1
language style,1
language variation,1
law abidance,1
leakage,1
legal soundness,1
length,1
letter format,1
lexical choice and diversity,1
lexical cohesion,1
lexical sanity,1
library import requirements,1
lighting,1
like,1
likeability,1
likelihood,1
likelihood of mistakes,1
linguistic acceptability,1
linguistic consistency,1
linguistic style,1
linking accuracy,1
location,1
logical alignment,1
logical clarity,1
logical correctness of reasoning steps,1
logical distinction,1
logical efficiency,1
logical entailment,1
logical label alignment,1
logical linkage,1
logical organization,1
logical plausibility,1
logical progression toward solution,1
logical rationality,1
logical reasoning,1
logical relation,1
logical relation consistency,1
logical relationship,1
logical robustness,1
logical soundness,1
logical validity,1
longer generation,1
low primal belief evidence,1
low redundancy,1
lucidity,1
machine-generated detection,1
maintaining confidence,1
maladaptive cognitions,1
malfunction,1
malicious content,1
maliciousness,1
match correctness,1
match to protocol description,1
matching extent,1
mathematical equivalence,1
mathematical reasoning,1
mathematical rigor,1
meaning misinterpretation,1
meaningful association,1
meeting user needs,1
memory recall,1
mention of a comparison not present in referenced impression,1
mention of comparison not present in reference,1
merge spatially contiguous and semantically related text nodes,1
metacognitive reflection,1
metaphor effectiveness,1
method detection,1
misinformation,1
misinformation detection capability,1
misinterpretation,1
misleading,1
misleadingness,1
missing,1
missing_information,1
mistake in first half,1
mistake in first step,1
mistake in last step,1
mistake in second half,1
mistranslation,1
misunderstood question,1
modality,1
modality reliance,1
model proficiency breakdown,1
modeling state quality,1
moral responsibility,1
moral summary,1
most information with minor omissions or inaccuracies,1
motivation consistency,1
multi-hop reasoning,1
multi-hop type consistency,1
multi-step reasoning,1
multilingual output,1
multimodal integration,1
narrative adherence,1
narrative complexity,1
narrative orientation,1
narrative similarity,1
nationality,1
natural,1
natural human or system behavior,1
natural language flow,1
natural question answering,1
naturalness of filler types,1
naturalness of language,1
naturalness of topic shift,1
necessity,1
need for external information,1
negates,1
negation,1
negative emotions,1
neglect of factual information,1
nickname,1
no coverage,1
no effect on task,1
no evidence,1
no hallucination,1
no information,1
no mistake,1
no-addition,1
no-omission,1
noise,1
noise symptoms,1
non-contradiction,1
non-genericity,1
nonfactual,1
not checkable,1
not revealing the answer,1
novelty of ideas,1
nuance preservation,1
number theory,1
numerical value accuracy,1
object correctness,1
object interactions,1
object keyword correctness,1
object presence assumption,1
object quantity,1
objects/entities,1
occupation detection,1
offensive,1
omission of comparison describing a change from previous study,1
omission of comparison describing change from previous study,1
omission of finding,1
omissions,1
opinionized speech,1
other,1
other attributes,1
others,1
output alignment with reference,1
output content quality,1
over-translation,1
overall effectiveness,1
overall explanation quality,1
overall helpfulness,1
overall mnemonic quality,1
overall offensiveness,1
overall preference,1
overall preference/quality,1
overall readability,1
overall relevance,1
overall resemblance,1
overall response quality,1
overall similarity,1
overall story quality,1
overall structure,1
overall suitability,1
overall translation quality,1
oversafety,1
pair consistency,1
paradigmatic example,1
parameter hallucination,1
parsing quality,1
partial correctness,1
partial coverage,1
partial credit,1
patiently explain and guide,1
patterns or inconsistencies in content,1
pedagogical quality,1
pedagogical value,1
perceptual quality,1
perfect,1
performance_context,1
persona attribute identification,1
persona consistency,1
personality,1
personality dimension scores,1
personality traits,1
perspective alignment,1
perspective shift,1
persuasion,1
phrasing diversity,1
physician preference,1
plan quality,1
plausibility of result,1
plausibility ranking,1
plot structure,1
pluralistic values,1
poetic style,1
policy-violating content,1
politeness,1
political affiliation,1
political leaning,1
poor,1
pornography avoidance,1
positional relationships,1
positive emotions,1
potential to deduce correct answer,1
potentially offensive or dangerous for children,1
power dynamics,1
power-seeking or non-power-seeking preference,1
practical constraints,1
practicality and effectiveness,1
precise response,1
predicate alignment,1
predicate applicability,1
prediction accuracy,1
preference prediction,1
preference stability,1
preferences,1
preferred change plans consistency,1
presence of defects/inappropriate statements,1
presence of detailed procedural instructions for illegal activity,1
presence of logical fallacies,1
presence of reasoning,1
presence of refusal signals,1
presence of scene elements,1
presence score (0-1),1
presentation quality,1
presupposition,1
principle adherence,1
privacy,1
privacy compliance,1
privacy risk,1
proactive interaction,1
proactive refusal,1
proactivity,1
probability of correctness,1
problem-free response,1
procedural mistakes,1
process similarity,1
programming language specification,1
prohibited content,1
promotion of peaceful measures,1
promptness,1
proper response,1
properly scoped,1
property presence,1
prototypical example,1
proximity to expected answer,1
proximity to ground-truth,1
psychological consistency,1
psychological processes,1
pun equivalence,1
punchline derivation relationship,1
punctuation correctness,1
quality (1-5 rating),1
quality of comments,1
quality of guidance,1
quality of planning,1
quality of reasoning steps,1
quality of search,1
quality of the reasoning path,1
quality rating,1
quality score,1
quest usage,1
quotation alignment,1
race or ethnicity descriptions,1
ranking,1
rationale quality,1
readability improvement,1
reading ease,1
real vs fake classification,1
real vs synthetic,1
real/fake classification,1
reasoning accuracy,1
reasoning completeness,1
reasoning consistency,1
reasoning depth,1
reasoning step accuracy,1
reasoning step validity,1
recall of diagnosis,1
recall score of correct claims,1
receptivity consistency,1
recognition of referential ambiguity,1
recognition of same person in sequence,1
recoverability,1
reference fragments,1
reference quality,1
reference to reliable sources,1
reflection behavior detection,1
reflection step identification,1
refusal compliance,1
refusal to respond,1
refusal tone,1
refusing to disclose personal information,1
refutation,1
refutation of claims,1
region,1
rejection,1
rejection keyword presence,1
rejection vs. acceptance of query,1
relation,1
relational structure suitability,1
relationship,1
relationship quality,1
relative win rate against baseline,1
relevance to content,1
relevance to document,1
relevance to human reference,1
relevance to instruction,1
relevance to intent,1
relevance to main focus,1
relevance to user information needs,1
relevance to writing style,1
relevancy,1
relevant,1
reliability,1
remove nodes with unclear semantics,1
rephrasing detection,1
reply usefulness,1
resistance to interference,1
respect for cultural values,1
respectful,1
response accuracy,1
response quality improvement,1
response type (compliance vs refusal),1
response type classification,1
responsibility,1
result similarity,1
retention of forgotten knowledge,1
reusable commonsense knowledge,1
review facet,1
reward,1
reward scores,1
richness of emotional description,1
richness or length,1
rule application correctness,1
rule compliance,1
rule violation,1
run smoothness,1
safety & security,1
safety (jailbreak success),1
safety classification categories,1
safety compliance,1
safety violation,1
safety-filter message presence,1
sarcastic tone,1
satisfying,1
scaffolding guidance,1
school_type,1
scientific accuracy,1
scope similarity,1
script label correctness,1
seamless integration of context,1
second,1
segment-level quality,1
self-correction,1
self-reflection,1
semantic ambiguity,1
semantic completeness and coherence of answer options,1
semantic completeness and coherence of question,1
semantic comprehensibility,1
semantic coverage,1
semantic equivalence of error messages,1
semantic matching,1
semantic meaning equivalence,1
semantic quality,1
semantic relation,1
semantic trajectory,1
semantic validity,1
sensibility,1
sentiment level,1
sentiment reflection,1
ses_compensates,1
severity,1
severity label correctness,1
severity levels,1
significance,1
similarity to ground-truth,1
similarity to human descriptions,1
simplification,1
size,1
skill alignment correlation,1
social understanding,1
solution correctness,1
solution relevance to instruction,1
solution robustness,1
solvability,1
some relevant information,1
spatial relationship,1
spatial relationships,1
speaker recognition,1
specific,1
specificity equivalence,1
specificity of uncertainty,1
spelling,1
spelling and punctuation,1
spelling correctness,1
stance,1
stance consistency,1
stance opposition,1
state and attitude,1
statement type (factual/cognitive),1
status,1
step prediction accuracy,1
step relevance,1
step type classification,1
stereotype bias,1
stereotypical,1
storyline coherence,1
storyline logicality,1
strategy adherence,1
strength,1
structural balance,1
structural integrity,1
structural similarity,1
structural soundness,1
structure improvement,1
style adherence,1
style alignment,1
style consistency,1
style transfer accuracy,1
stylistic consistency,1
stylistic divergence,1
stylistic variation,1
sub-goal completion,1
sub-task discovery,1
success,1
success (binary),1
successful execution,1
succinctness,1
sufficiently answers the original query,1
suitability of rationale,1
suitableness,1
summarization quality,1
summary quality,1
support alignment,1
support for SQL-based reasoning,1
support from source documents,1
support or contradiction of concepts,1
supported/unsupported,1
supportiveness of document for answering the query,1
surface-level match,1
surprisingness,1
swapped events,1
sycophancy,1
sycophancy detection,1
syllogistic reasoning,1
symbolic reasoning capability,1
syntactic constraints,1
syntactic integrity,1
syntax,1
syntax similarity,1
target achievement,1
target attribute achievement,1
target attribute alignment,1
target consistency,1
target success rate,1
targeted,1
task alignment,1
task completion,1
task completion contribution,1
task diversity,1
task fulfillment,1
task relevance,1
task success,1
task success (pass),1
task-solving,1
technical accuracy,1
technical language,1
technical quality,1
technical terms,1
technology or nature preference,1
temporal understanding,1
tendency to reinforce or correct false claims,1
terminology,1
terminology consistency,1
test case pass rate,1
test output correctness,1
text content,1
text-image alignment,1
text-image coherence,1
text-image relevance,1
text-level error type classification,1
textual coherence,1
textual information,1
textual tone of voice consistency,1
therapy technique,1
thought-provoking,1
time detection,1
timeouts,1
timing of topic shift,1
tone adherence,1
topic,1
topic coverage,1
topic diversity,1
topic shift detection,1
topic similarity,1
topic uniqueness,1
topical relevance,1
total_predicted_relations,1
toxic content detection,1
transformation satisfaction,1
translation quality (Direct Assessment score),1
translation quality scoring,1
translationese,1
transparency,1
transparency disclosure,1
trap identification,1
truth,1
type adaptability,1
type of added information,1
typicality,1
unacceptable,1
unanswered,1
uncertainty,1
under-translation,1
underspecification,1
unfair bias,1
unknown question rejection,1
unsafe,1
urgency,1
use of counter-questions,1
use of verifiable evidence,1
user engagement,1
user involvement,1
user self-disclosure,1
user similarity,1
using game lore,1
utility,1
utility preservation,1
validity and uniqueness,1
value alignment,1
value reinforcement (seeker perspective),1
value reinforcement (supporter perspective),1
variety,1
variety of vocabulary,1
veracity,1
verbal uncertainty,1
very little information,1
vibe,1
video relevance,1
violations,1
visual clarity,1
visual grounding,1
visual organization,1
visual quality of depiction,1
visual similarity,1
visual structure,1
vocabulary,1
war or peace preference,1
warning,1
well-formedness,1
whether AI answers more than once,1
whether all instructions are fulfilled,1
whether retrieved documents can support answering the question,1
wording variation,1
world knowledge bias,1
worry,1
writing style,1
wrongly gendered,1
zip,1
